Date,steel_rebar,hot_rolled_coil,iron_ore,usd_mxn,coal,steel_rebar_next
2021-01-04,656.0,1023.0,163.92999267578125,19.84749984741211,24.73553466796875,662.0
2021-01-05,662.0,1072.0,166.0800018310547,19.94244956970215,24.73553466796875,651.0
2021-01-06,651.0,1053.0,166.75999450683594,19.90220069885254,24.73553466796875,658.0
2021-01-07,658.0,1066.0,169.30999755859375,19.65576934814453,24.73553466796875,660.0
2021-01-08,660.0,1070.0,169.52000427246094,20.000099182128906,24.73553466796875,646.5
2021-01-11,646.5,1065.0,168.99000549316406,20.05048942565918,24.73553466796875,633.5
2021-01-12,633.5,1064.0,169.3300018310547,20.062400817871094,24.73553466796875,634.0
2021-01-13,634.0,1060.0,169.50999450683594,19.794429779052734,24.73553466796875,643.5
2021-01-14,643.5,1060.0,169.8000030517578,19.836349487304688,24.73553466796875,638.0
2021-01-15,638.0,1066.0,169.97000122070312,19.723350524902344,24.73553466796875,640.0
2021-01-18,640.0,1066.0,169.97000122070312,19.84351921081543,24.73553466796875,637.0
2021-01-19,637.0,1065.0,170.02999877929688,19.695650100708008,24.73553466796875,631.5
2021-01-20,631.5,1060.0,169.85000610351562,19.63599967956543,24.73553466796875,634.0
2021-01-21,634.0,1063.0,169.97999572753906,19.585010528564453,24.73553466796875,632.0
2021-01-22,632.0,1058.0,169.82000732421875,19.737060546875,24.73553466796875,635.0
2021-01-25,635.0,1063.0,169.77999877929688,19.942880630493164,24.73553466796875,633.0
2021-01-26,633.0,1063.0,169.52000427246094,20.10516929626465,24.73553466796875,631.0
2021-01-27,631.0,1115.0,169.25999450683594,19.988300323486328,24.73553466796875,631.0
2021-01-28,631.0,1138.0,168.6300048828125,20.33152961730957,24.73553466796875,629.6
2021-01-29,629.6,1149.0,168.1300048828125,20.25225067138672,24.73553466796875,563.0
2021-02-01,563.0,1152.0,154.74000549316406,20.50528907775879,24.73553466796875,579.5
2021-02-02,579.5,1157.0,148.4199981689453,20.368160247802734,24.73553466796875,580.0
2021-02-03,580.0,1148.0,150.80999755859375,20.137680053710938,24.73553466796875,598.0
2021-02-04,598.0,1151.0,155.3300018310547,20.197080612182617,24.73553466796875,597.5
2021-02-05,597.5,1157.0,153.89999389648438,20.387189865112305,24.73553466796875,600.0
2021-02-08,600.0,1160.0,156.10000610351562,20.11138916015625,24.73553466796875,598.0
2021-02-09,598.0,1172.0,158.14999389648438,20.103069305419922,24.73553466796875,599.0
2021-02-10,599.0,1173.0,159.74000549316406,20.083850860595703,24.73553466796875,601.5
2021-02-11,601.5,1175.0,160.0800018310547,20.02928924560547,24.73553466796875,607.0
2021-02-12,607.0,1170.0,159.64999389648438,19.966279983520508,24.73553466796875,614.0
2021-02-15,614.0,1170.0,159.64999389648438,19.936769485473633,24.73553466796875,615.0
2021-02-16,615.0,1170.0,161.0,19.94930076599121,24.73553466796875,606.0
2021-02-17,606.0,1162.0,161.99000549316406,20.225540161132812,24.73553466796875,604.0
2021-02-18,604.0,1162.0,164.58999633789062,20.212539672851562,24.73553466796875,604.0
2021-02-19,604.0,1162.0,164.07000732421875,20.308229446411133,24.73553466796875,602.5
2021-02-22,602.5,1165.0,163.8699951171875,20.487449645996094,24.73553466796875,610.0
2021-02-23,610.0,1165.0,164.16000366210938,20.742029190063477,24.73553466796875,609.0
2021-02-24,609.0,1263.0,164.52999877929688,20.513269424438477,24.73553466796875,607.5
2021-02-25,607.5,1260.0,165.02000427246094,20.377559661865234,24.73553466796875,605.43
2021-02-26,605.43,1264.0,165.61000061035156,20.910900115966797,24.73553466796875,656.5
2021-03-01,656.5,1260.0,171.74000549316406,20.789569854736328,24.73553466796875,652.0
2021-03-02,652.0,1270.0,173.16000366210938,20.654029846191406,24.73553466796875,650.0
2021-03-03,650.0,1266.0,174.1199951171875,20.603410720825195,24.73553466796875,648.0
2021-03-04,648.0,1268.0,174.94000244140625,20.956090927124023,24.73553466796875,643.5
2021-03-05,643.5,1260.0,173.1199951171875,21.13340950012207,24.73553466796875,641.0
2021-03-08,641.0,1264.0,173.55999755859375,21.255300521850586,24.73553466796875,638.0
2021-03-09,638.0,1260.0,168.42999267578125,21.492490768432617,24.73553466796875,630.5
2021-03-10,630.5,1258.0,168.44000244140625,21.188819885253906,24.73553466796875,630.5
2021-03-11,630.5,1258.0,171.27999877929688,20.90212059020996,24.73553466796875,629.0
2021-03-12,629.0,1258.0,168.25999450683594,20.614999771118164,24.73553466796875,634.0
2021-03-15,634.0,1258.0,168.25999450683594,20.711580276489258,24.73553466796875,632.0
2021-03-16,632.0,1258.0,168.25999450683594,20.666690826416016,24.73553466796875,627.5
2021-03-17,627.5,1258.0,168.2100067138672,20.599300384521484,24.73553466796875,628.5
2021-03-18,628.5,1258.0,168.2100067138672,20.362770080566406,24.73553466796875,624.5
2021-03-19,624.5,1266.0,168.0,20.48390007019043,24.73553466796875,622.0
2021-03-22,622.0,1265.0,167.3699951171875,20.66080093383789,24.73553466796875,626.5
2021-03-23,626.5,1268.0,167.00999450683594,20.575389862060547,24.73553466796875,626.5
2021-03-24,626.5,1272.0,167.33999633789062,20.807910919189453,24.73553466796875,626.0
2021-03-25,626.0,1272.0,167.0500030517578,20.882999420166016,24.73553466796875,631.0
2021-03-26,631.0,1271.0,166.88999938964844,20.683029174804688,24.73553466796875,633.0
2021-03-29,633.0,1271.0,166.97000122070312,20.632530212402344,24.73553466796875,632.0
2021-03-30,632.0,1277.0,166.99000549316406,20.607379913330078,24.73553466796875,628.22
2021-03-31,628.22,1348.0,166.89999389648438,20.576000213623047,24.73553466796875,643.0
2021-04-01,643.0,1345.0,163.67999267578125,20.429100036621094,24.73553466796875,650.0
2021-04-06,650.0,1360.0,166.97999572753906,20.30573081970215,24.73553466796875,641.0
2021-04-07,641.0,1355.0,169.24000549316406,20.17445945739746,24.73553466796875,636.0
2021-04-08,636.0,1350.0,170.4499969482422,20.211299896240234,24.73553466796875,639.5
2021-04-09,639.5,1350.0,170.32000732421875,20.098939895629883,24.73553466796875,636.0
2021-04-12,636.0,1354.0,171.02999877929688,20.160409927368164,24.73553466796875,635.0
2021-04-13,635.0,1357.0,171.0399932861328,20.14443016052246,24.73553466796875,639.0
2021-04-14,639.0,1358.0,171.4199981689453,20.0674991607666,24.73553466796875,636.5
2021-04-15,636.5,1359.0,173.00999450683594,20.0860595703125,24.73553466796875,641.0
2021-04-16,641.0,1359.0,174.88999938964844,19.93589973449707,24.73553466796875,637.5
2021-04-19,637.5,1364.0,174.72000122070312,19.91830062866211,24.73553466796875,637.5
2021-04-20,637.5,1354.0,178.5399932861328,19.81344985961914,24.73553466796875,637.5
2021-04-21,637.5,1360.0,176.1999969482422,19.94700050354004,24.73553466796875,638.0
2021-04-22,638.0,1363.0,176.35000610351562,19.886600494384766,24.73553466796875,637.5
2021-04-23,637.5,1363.0,176.9600067138672,19.933000564575195,24.73553466796875,639.5
2021-04-26,639.5,1360.0,177.5800018310547,19.8525390625,24.73553466796875,641.0
2021-04-27,641.0,1360.0,178.99000549316406,19.858600616455078,24.73553466796875,640.0
2021-04-28,640.0,1500.0,178.8000030517578,20.03260040283203,24.73553466796875,642.5
2021-04-29,642.5,1500.0,179.30999755859375,19.89167022705078,24.73553466796875,639.28
2021-04-30,639.28,1505.0,179.6300048828125,20.02429962158203,24.73553466796875,696.5
2021-05-04,696.5,1504.0,189.72000122070312,20.18779945373535,24.73553466796875,710.0
2021-05-05,710.0,1508.0,190.41000366210938,20.193899154663086,24.73553466796875,730.0
2021-05-06,730.0,1519.0,197.67999267578125,20.251169204711914,24.73553466796875,710.0
2021-05-07,710.0,1519.0,204.35000610351562,20.085100173950195,24.73553466796875,750.0
2021-05-10,750.0,1519.0,215.47999572753906,19.89240074157715,24.73553466796875,750.0
2021-05-11,750.0,1519.0,215.2899932861328,19.91295051574707,24.73553466796875,794.0
2021-05-12,794.0,1510.0,218.3800048828125,19.96368980407715,24.73553466796875,780.5
2021-05-13,780.5,1500.0,212.0500030517578,20.142000198364258,24.73553466796875,775.0
2021-05-14,775.0,1505.0,210.0800018310547,19.95039939880371,24.73553466796875,769.5
2021-05-17,769.5,1490.0,214.99000549316406,19.870399475097656,24.73553466796875,771.5
2021-05-18,771.5,1496.0,213.22999572753906,19.76129913330078,24.73553466796875,756.0
2021-05-19,756.0,1509.0,211.9600067138672,19.84787940979004,24.73553466796875,752.0
2021-05-20,752.0,1512.0,211.14999389648438,19.933000564575195,24.73553466796875,742.0
2021-05-21,742.0,1512.0,209.1300048828125,19.8887996673584,24.73553466796875,748.5
2021-05-24,748.5,1512.0,208.1999969482422,19.937349319458008,24.73553466796875,745.0
2021-05-25,745.0,1515.0,207.00999450683594,19.874000549316406,24.73553466796875,746.0
2021-05-26,746.0,1670.0,206.88999938964844,19.905799865722656,24.73553466796875,744.0
2021-05-27,744.0,1665.0,206.3699951171875,19.870800018310547,24.73553466796875,744.21
2021-05-28,744.21,1665.0,205.72999572753906,19.95185089111328,24.73553466796875,755.0
2021-06-01,755.0,1654.0,204.89999389648438,19.917499542236328,24.73553466796875,755.0
2021-06-02,755.0,1658.0,204.9600067138672,19.961200714111328,24.73553466796875,755.0
2021-06-03,755.0,1650.0,208.0,19.894800186157227,24.73553466796875,755.0
2021-06-04,755.0,1653.0,206.2899932861328,20.140399932861328,24.73553466796875,715.0
2021-06-07,715.0,1648.0,202.41000366210938,19.943899154663086,24.73553466796875,715.0
2021-06-08,715.0,1650.0,207.83999633789062,19.822399139404297,24.73553466796875,715.0
2021-06-09,715.0,1650.0,210.19000244140625,19.70207977294922,24.73553466796875,715.0
2021-06-10,715.0,1647.0,211.91000366210938,19.73027992248535,24.73553466796875,715.0
2021-06-11,715.0,1647.0,213.1300048828125,19.70319938659668,24.73553466796875,715.0
2021-06-14,715.0,1655.0,214.0500030517578,19.870899200439453,24.73553466796875,720.0
2021-06-15,720.0,1658.0,213.9600067138672,19.943099975585938,24.73553466796875,725.0
2021-06-16,725.0,1660.0,213.52999877929688,20.021299362182617,24.73553466796875,725.0
2021-06-17,725.0,1660.0,214.69000244140625,20.39788055419922,24.73553466796875,725.0
2021-06-18,725.0,1661.0,214.2100067138672,20.41069984436035,24.73553466796875,725.0
2021-06-21,725.0,1661.0,212.75,20.621999740600586,24.73553466796875,725.0
2021-06-22,725.0,1658.0,213.4499969482422,20.505849838256836,24.73553466796875,725.0
2021-06-23,725.0,1658.0,213.8000030517578,20.33930015563965,24.73553466796875,725.0
2021-06-24,725.0,1664.0,213.75,20.19586944580078,24.73553466796875,738.0
2021-06-25,738.0,1664.0,214.1699981689453,19.846900939941406,24.73553466796875,735.0
2021-06-28,735.0,1664.0,215.25999450683594,19.80820083618164,24.73553466796875,730.0
2021-06-29,730.0,1662.0,214.36000061035156,19.817169189453125,24.73553466796875,726.48
2021-06-30,726.48,1810.0,214.5500030517578,19.8031005859375,24.73553466796875,737.5
2021-07-01,737.5,1808.0,213.58999633789062,19.934429168701172,24.73553466796875,736.0
2021-07-02,736.0,1789.0,212.4600067138672,20.010099411010742,24.73553466796875,741.5
2021-07-05,741.5,1789.0,212.4600067138672,19.79810905456543,24.73553466796875,742.0
2021-07-06,742.0,1800.0,217.5800018310547,19.824899673461914,24.73553466796875,745.0
2021-07-07,745.0,1785.0,218.11000061035156,20.011659622192383,24.73553466796875,740.0
2021-07-08,740.0,1780.0,216.32000732421875,19.95039939880371,24.73553466796875,736.5
2021-07-09,736.5,1790.0,215.77999877929688,19.98110008239746,24.73553466796875,753.0
2021-07-12,753.0,1790.0,217.3300018310547,19.860700607299805,24.73553466796875,727.0
2021-07-13,727.0,1792.0,218.25999450683594,19.82740020751953,24.73553466796875,727.0
2021-07-14,727.0,1780.0,217.94000244140625,20.042200088500977,24.73553466796875,727.0
2021-07-15,727.0,1780.0,218.67999267578125,19.900949478149414,24.73553466796875,724.0
2021-07-16,724.0,1780.0,219.77000427246094,19.92938995361328,24.73553466796875,726.0
2021-07-19,726.0,1775.0,219.5,19.904199600219727,24.73553466796875,725.0
2021-07-20,725.0,1780.0,219.36000061035156,20.03809928894043,24.73553466796875,729.0
2021-07-21,729.0,1780.0,218.3699951171875,20.136049270629883,24.73553466796875,731.5
2021-07-22,731.5,1780.0,213.80999755859375,20.147140502929688,24.73553466796875,726.5
2021-07-23,726.5,1780.0,216.02999877929688,20.102750778198242,24.73553466796875,724.0
2021-07-26,724.0,1781.0,215.16000366210938,20.058300018310547,24.73553466796875,724.0
2021-07-27,724.0,1786.0,214.99000549316406,20.02429962158203,24.73553466796875,722.5
2021-07-28,722.5,1880.0,214.44000244140625,19.954099655151367,24.73553466796875,723.0
2021-07-29,723.0,1888.0,213.52000427246094,19.913799285888672,24.73553466796875,720.57
2021-07-30,720.57,1888.0,211.99000549316406,19.85140037536621,24.73553466796875,719.0
2021-08-02,719.0,1859.0,181.2100067138672,19.865699768066406,24.73553466796875,708.5
2021-08-03,708.5,1840.0,181.00999450683594,19.90169906616211,24.73553466796875,710.0
2021-08-04,710.0,1870.0,182.50999450683594,19.862600326538086,24.73553466796875,706.0
2021-08-05,706.0,1870.0,171.91000366210938,19.960399627685547,24.73553466796875,694.5
2021-08-06,694.5,1885.0,172.00999450683594,19.928260803222656,24.73553466796875,698.0
2021-08-09,698.0,1885.0,173.52000427246094,20.069799423217773,24.73553466796875,694.5
2021-08-10,694.5,1883.0,168.58999633789062,20.069869995117188,24.73553466796875,696.5
2021-08-11,696.5,1881.0,169.05999755859375,20.070499420166016,24.73553466796875,696.5
2021-08-12,696.5,1880.0,167.94000244140625,19.929500579833984,24.73553466796875,696.5
2021-08-13,696.5,1880.0,167.9499969482422,19.951379776000977,24.73553466796875,692.5
2021-08-16,692.5,1895.0,166.9600067138672,19.85770034790039,24.73553466796875,692.5
2021-08-17,692.5,1885.0,167.33999633789062,19.88010025024414,24.73553466796875,692.5
2021-08-18,692.5,1887.0,159.58999633789062,19.997549057006836,24.73553466796875,692.5
2021-08-19,692.5,1880.0,160.3800048828125,20.039039611816406,24.73553466796875,692.5
2021-08-20,692.5,1880.0,160.5399932861328,20.167200088500977,24.73553466796875,690.0
2021-08-23,690.0,1884.0,159.39999389648438,20.381500244140625,24.73553466796875,690.0
2021-08-24,690.0,1881.0,160.07000732421875,20.317949295043945,24.73553466796875,690.0
2021-08-25,690.0,1935.0,159.9199981689453,20.206100463867188,24.73553466796875,688.0
2021-08-26,688.0,1936.0,159.6300048828125,20.216100692749023,24.73553466796875,687.5
2021-08-27,687.5,1941.0,159.67999267578125,20.366500854492188,24.73553466796875,688.07
2021-08-31,688.07,1945.0,159.25,20.139249801635742,24.73553466796875,671.5
2021-09-01,671.5,1939.0,143.0800018310547,20.059600830078125,24.73553466796875,668.0
2021-09-02,668.0,1943.0,140.5399932861328,19.99774932861328,24.73553466796875,671.5
2021-09-03,671.5,1941.0,144.8300018310547,19.962350845336914,24.73553466796875,671.5
2021-09-06,671.5,1941.0,144.8300018310547,19.909000396728516,24.73553466796875,668.5
2021-09-07,668.5,1923.0,138.99000549316406,19.888099670410156,24.73553466796875,667.5
2021-09-08,667.5,1923.0,135.55999755859375,19.927799224853516,24.73553466796875,676.5
2021-09-09,676.5,1927.0,133.82000732421875,19.927499771118164,24.73553466796875,685.0
2021-09-10,685.0,1927.0,133.17999267578125,19.921600341796875,24.73553466796875,679.0
2021-09-13,679.0,1925.0,129.66000366210938,19.86549949645996,24.73553466796875,664.0
2021-09-14,664.0,1930.0,128.11000061035156,19.86199951171875,24.73553466796875,660.0
2021-09-15,660.0,1923.0,124.16000366210938,19.897300720214844,24.73553466796875,660.0
2021-09-16,660.0,1923.0,119.95999908447266,19.844499588012695,24.73553466796875,669.0
2021-09-17,669.0,1936.0,123.0,19.940549850463867,24.73553466796875,661.0
2021-09-20,661.0,1935.0,117.01000213623047,20.01849937438965,24.73553466796875,667.5
2021-09-21,667.5,1935.0,119.01000213623047,20.118940353393555,24.73553466796875,674.0
2021-09-22,674.0,1935.0,120.7300033569336,20.128700256347656,24.73553466796875,667.0
2021-09-23,667.0,1930.0,120.44999694824219,20.086759567260742,24.73553466796875,668.0
2021-09-24,668.0,1933.0,120.0999984741211,20.052900314331055,24.73553466796875,670.0
2021-09-27,670.0,1935.0,120.2300033569336,20.053499221801758,24.73553466796875,665.0
2021-09-28,665.0,1929.0,119.88999938964844,20.089500427246094,24.73553466796875,665.0
2021-09-29,665.0,1900.0,119.69999694824219,20.329769134521484,24.73553466796875,665.32
2021-09-30,665.32,1900.0,119.6500015258789,20.501100540161133,24.73553466796875,681.0
2021-10-01,681.0,1916.0,115.76000213623047,20.615400314331055,24.73553466796875,690.5
2021-10-04,690.5,1917.0,117.76000213623047,20.41819953918457,24.73553466796875,700.0
2021-10-05,700.0,1910.0,117.8499984741211,20.50160026550293,24.73553466796875,691.5
2021-10-06,691.5,1889.0,117.68000030517578,20.570199966430664,24.73553466796875,700.0
2021-10-07,700.0,1881.0,118.0999984741211,20.5575008392334,24.73553466796875,700.0
2021-10-08,700.0,1882.0,122.86000061035156,20.654130935668945,24.73553466796875,712.0
2021-10-11,712.0,1898.0,130.24000549316406,20.7231502532959,24.73553466796875,707.0
2021-10-12,707.0,1899.0,126.41999816894531,20.847000122070312,24.73553466796875,714.0
2021-10-13,714.0,1895.0,122.29000091552734,20.780000686645508,24.73553466796875,714.0
2021-10-14,714.0,1897.0,122.83000183105469,20.553699493408203,24.73553466796875,711.5
2021-10-15,711.5,1898.0,123.19000244140625,20.541799545288086,24.73553466796875,711.5
2021-10-18,711.5,1893.0,123.4000015258789,20.347000122070312,24.73553466796875,714.5
2021-10-19,714.5,1895.0,123.30000305175781,20.397499084472656,24.73553466796875,714.5
2021-10-20,714.5,1900.0,123.48999786376953,20.22209930419922,24.73553466796875,714.5
2021-10-21,714.5,1902.0,122.88999938964844,20.221500396728516,24.73553466796875,727.5
2021-10-22,727.5,1904.0,122.5,20.29319953918457,24.73553466796875,714.0
2021-10-25,714.0,1903.0,122.05999755859375,20.188899993896484,24.73553466796875,710.0
2021-10-26,710.0,1911.0,122.47000122070312,20.170499801635742,24.73553466796875,710.0
2021-10-27,710.0,1776.0,122.36000061035156,20.196910858154297,24.73553466796875,710.0
2021-10-28,710.0,1798.0,121.94000244140625,20.304800033569336,24.73553466796875,709.17
2021-10-29,709.17,1803.0,121.2300033569336,20.378400802612305,24.73553466796875,722.5
2021-11-01,722.5,1798.0,102.58000183105469,20.55270004272461,24.73553466796875,731.5
2021-11-02,731.5,1780.0,99.4000015258789,20.839599609375,24.73553466796875,732.0
2021-11-03,732.0,1785.0,99.3499984741211,20.78030014038086,24.73553466796875,733.0
2021-11-04,733.0,1790.0,97.16999816894531,20.531700134277344,24.73553466796875,738.0
2021-11-05,738.0,1790.0,94.43000030517578,20.545900344848633,24.73553466796875,731.0
2021-11-08,731.0,1805.0,94.36000061035156,20.372800827026367,24.73553466796875,718.0
2021-11-09,718.0,1805.0,91.9800033569336,20.332950592041016,24.73553466796875,717.0
2021-11-10,717.0,1809.0,92.19000244140625,20.319150924682617,24.73553466796875,730.0
2021-11-11,730.0,1813.0,93.62999725341797,20.606399536132812,24.73553466796875,712.0
2021-11-12,712.0,1812.0,93.4000015258789,20.636430740356445,24.73553466796875,722.0
2021-11-15,722.0,1801.0,92.36000061035156,20.52419090270996,24.73553466796875,706.0
2021-11-16,706.0,1802.0,92.01000213623047,20.59480094909668,24.73553466796875,722.0
2021-11-17,722.0,1798.0,92.76000213623047,20.753799438476562,24.73553466796875,717.0
2021-11-18,717.0,1798.0,92.01000213623047,20.64539909362793,24.73553466796875,729.0
2021-11-19,729.0,1800.0,92.77999877929688,20.75950050354004,24.73553466796875,722.0
2021-11-22,722.0,1802.0,93.38999938964844,20.86083984375,24.73553466796875,726.0
2021-11-23,726.0,1805.0,93.98999786376953,20.99370002746582,24.73553466796875,726.0
2021-11-24,726.0,1661.0,94.33000183105469,21.265499114990234,24.73553466796875,730.5
2021-11-25,730.5,1661.0,94.33000183105469,21.40089988708496,24.73553466796875,728.5
2021-11-26,728.5,1605.0,94.44000244140625,21.624500274658203,24.73553466796875,728.0
2021-11-29,728.0,1606.0,94.70999908447266,21.72960090637207,24.73553466796875,728.75
2021-11-30,728.75,1610.0,94.97000122070312,21.68079948425293,24.73553466796875,703.0
2021-12-01,703.0,1594.0,103.16999816894531,21.411800384521484,24.73553466796875,690.0
2021-12-02,690.0,1600.0,101.81999969482422,21.471569061279297,24.73553466796875,685.5
2021-12-03,685.5,1615.0,101.48999786376953,21.30854034423828,24.73553466796875,703.5
2021-12-06,703.5,1616.0,103.73999786376953,21.22100067138672,24.73553466796875,712.5
2021-12-07,712.5,1620.0,108.04000091552734,21.22369956970215,24.73553466796875,707.5
2021-12-08,707.5,1616.0,106.7699966430664,21.028200149536133,24.73553466796875,703.0
2021-12-09,703.0,1610.0,106.48999786376953,20.925800323486328,24.73553466796875,697.0
2021-12-10,697.0,1606.0,105.0,20.950700759887695,24.73553466796875,701.0
2021-12-13,701.0,1607.0,108.51000213623047,20.876300811767578,24.73553466796875,694.5
2021-12-14,694.5,1608.0,107.04000091552734,20.993600845336914,24.73553466796875,696.5
2021-12-15,696.5,1630.0,109.22000122070312,21.218900680541992,24.73553466796875,692.0
2021-12-16,692.0,1640.0,111.19000244140625,21.033199310302734,24.73553466796875,698.0
2021-12-17,698.0,1647.0,111.63999938964844,20.819400787353516,24.73553466796875,691.5
2021-12-20,691.5,1636.0,113.79000091552734,20.829299926757812,24.73553466796875,695.0
2021-12-21,695.0,1638.0,113.63999938964844,20.755399703979492,24.73553466796875,696.0
2021-12-22,696.0,1615.0,112.54000091552734,20.822500228881836,24.73553466796875,698.0
2021-12-23,698.0,1616.0,112.54000091552734,20.710399627685547,24.73553466796875,696.5
2021-12-24,696.5,1616.0,112.54000091552734,20.62809944152832,24.73553466796875,698.0
2021-12-29,698.0,1421.0,112.33999633789062,20.662200927734375,24.73553466796875,698.5
2021-12-30,698.5,1427.0,112.23999786376953,20.558000564575195,24.73553466796875,699.36
2021-12-31,699.36,1435.0,112.5,20.4591007232666,24.73553466796875,689.0
2022-01-04,689.0,1435.0,120.91000366210938,20.486000061035156,24.73553466796875,705.0
2022-01-05,705.0,1426.0,124.13999938964844,20.52199935913086,24.73553466796875,707.5
2022-01-06,707.5,1420.0,125.94000244140625,20.56369972229004,24.73553466796875,715.0
2022-01-07,715.0,1415.0,126.20999908447266,20.493099212646484,24.73553466796875,707.0
2022-01-10,707.0,1406.0,124.4800033569336,20.390470504760742,24.73553466796875,712.5
2022-01-11,712.5,1400.0,126.75,20.358200073242188,24.73553466796875,708.0
2022-01-12,708.0,1435.0,128.66000366210938,20.39051055908203,24.73553466796875,696.0
2022-01-13,696.0,1439.0,127.83999633789062,20.362850189208984,24.73553466796875,700.0
2022-01-14,700.0,1437.0,126.23999786376953,20.333669662475586,24.73553466796875,695.5
2022-01-17,695.5,1437.0,126.23999786376953,20.301000595092773,24.73553466796875,705.5
2022-01-18,705.5,1428.0,127.4800033569336,20.289499282836914,24.73553466796875,699.5
2022-01-19,699.5,1438.0,127.41000366210938,20.398799896240234,24.73553466796875,705.0
2022-01-20,705.0,1438.0,129.08999633789062,20.500499725341797,24.73553466796875,703.5
2022-01-21,703.5,1425.0,129.49000549316406,20.530719757080078,24.73553466796875,697.0
2022-01-24,697.0,1426.0,128.74000549316406,20.448150634765625,24.73553466796875,701.5
2022-01-25,701.5,1430.0,129.94000244140625,20.573829650878906,24.73553466796875,695.0
2022-01-26,695.0,1195.0,129.39999389648438,20.60700035095215,24.73553466796875,701.0
2022-01-27,701.0,1175.0,129.9600067138672,20.71540069580078,24.73553466796875,702.0
2022-01-28,702.0,1170.0,130.80999755859375,20.76740074157715,24.73553466796875,701.45
2022-01-31,701.45,1165.0,131.14999389648438,20.82900047302246,24.73553466796875,729.0
2022-02-01,729.0,1180.0,138.7899932861328,20.625900268554688,24.73553466796875,748.0
2022-02-02,748.0,1195.0,139.97999572753906,20.545700073242188,24.73553466796875,739.0
2022-02-03,739.0,1186.0,145.9499969482422,20.601200103759766,24.73553466796875,737.0
2022-02-04,737.0,1190.0,145.4499969482422,20.564599990844727,24.73553466796875,750.0
2022-02-07,750.0,1180.0,150.11000061035156,20.653600692749023,24.73553466796875,746.5
2022-02-08,746.5,1164.0,148.8300018310547,20.580799102783203,24.73553466796875,745.0
2022-02-09,745.0,1143.0,147.63999938964844,20.597620010375977,24.73553466796875,748.0
2022-02-10,748.0,1145.0,151.57000732421875,20.48784065246582,24.73553466796875,745.5
2022-02-11,745.5,1131.0,150.8699951171875,20.557199478149414,24.73553466796875,742.5
2022-02-14,742.5,1131.0,146.75999450683594,20.510440826416016,24.73553466796875,737.0
2022-02-15,737.0,1125.0,144.88999938964844,20.40899085998535,24.73553466796875,742.5
2022-02-16,742.5,1117.0,142.22999572753906,20.383800506591797,24.73553466796875,741.0
2022-02-17,741.0,1117.0,143.8800048828125,20.286399841308594,24.73553466796875,742.5
2022-02-18,742.5,1117.0,141.11000061035156,20.29159927368164,24.73553466796875,743.5
2022-02-21,743.5,1117.0,141.11000061035156,20.295249938964844,24.73553466796875,737.5
2022-02-22,737.5,1117.0,143.25999450683594,20.322980880737305,24.73553466796875,740.0
2022-02-23,740.0,990.0,142.9600067138672,20.29439926147461,24.73553466796875,742.0
2022-02-24,742.0,994.0,142.66000366210938,20.231700897216797,24.73553466796875,739.0
2022-02-25,739.0,1010.0,141.75999450683594,20.563369750976562,24.73553466796875,737.78
2022-02-28,737.78,1056.0,141.99000549316406,20.573139190673828,24.73553466796875,835.0
2022-03-01,835.0,1060.0,143.4499969482422,20.4606990814209,24.73553466796875,835.0
2022-03-02,835.0,1057.0,146.07000732421875,20.64310073852539,24.73553466796875,837.5
2022-03-03,837.5,1085.0,151.11000061035156,20.642549514770508,24.73553466796875,837.5
2022-03-04,837.5,1175.0,152.27999877929688,20.63939094543457,24.73553466796875,850.0
2022-03-07,850.0,1080.0,158.82000732421875,20.96925926208496,24.73553466796875,940.0
2022-03-08,940.0,1065.0,160.9600067138672,21.305349349975586,24.73553466796875,950.0
2022-03-09,950.0,1090.0,157.58999633789062,21.362390518188477,24.73553466796875,920.0
2022-03-10,920.0,1102.0,156.9499969482422,20.905189514160156,24.73553466796875,925.5
2022-03-11,925.5,1125.0,155.36000061035156,20.91200065612793,24.73553466796875,899.0
2022-03-14,899.0,1125.0,150.11000061035156,20.887510299682617,24.73553466796875,925.0
2022-03-15,925.0,1125.0,144.77000427246094,20.90036964416504,24.73553466796875,928.5
2022-03-16,928.5,1100.0,148.85000610351562,20.812599182128906,24.73553466796875,925.0
2022-03-17,925.0,1120.0,149.64999389648438,20.630699157714844,24.73553466796875,920.0
2022-03-18,920.0,1134.0,150.58999633789062,20.514089584350586,24.73553466796875,925.0
2022-03-21,925.0,1135.0,150.47000122070312,20.381149291992188,24.73553466796875,920.0
2022-03-22,920.0,1138.0,149.67999267578125,20.381900787353516,24.73553466796875,926.0
2022-03-23,926.0,1130.0,149.57000732421875,20.272199630737305,24.73553466796875,925.0
2022-03-24,925.0,1117.0,149.6300048828125,20.226640701293945,24.73553466796875,926.5
2022-03-25,926.5,1123.0,149.8699951171875,20.066299438476562,24.73553466796875,924.5
2022-03-28,924.5,1120.0,150.13999938964844,20.030149459838867,24.73553466796875,922.5
2022-03-29,922.5,1122.0,150.13999938964844,20.091249465942383,24.73553466796875,924.0
2022-03-30,924.0,1535.0,150.61000061035156,19.965599060058594,24.73553466796875,925.33
2022-03-31,925.33,1541.0,150.83999633789062,19.878150939941406,24.73553466796875,942.0
2022-04-01,942.0,1540.0,159.85000610351562,19.875200271606445,24.73553466796875,942.0
2022-04-04,942.0,1526.0,161.83999633789062,19.8572998046875,24.73553466796875,942.0
2022-04-05,942.0,1530.0,161.25,19.8093204498291,24.73553466796875,942.0
2022-04-06,942.0,1516.0,160.0800018310547,19.98259925842285,24.73553466796875,942.5
2022-04-07,942.5,1514.0,157.2899932861328,20.161460876464844,24.73553466796875,942.5
2022-04-08,942.5,1490.0,154.2100067138672,20.130319595336914,24.73553466796875,942.5
2022-04-11,942.5,1475.0,155.94000244140625,20.064849853515625,24.73553466796875,943.0
2022-04-12,943.0,1470.0,155.55999755859375,19.941940307617188,24.73553466796875,938.0
2022-04-13,938.0,1469.0,154.6699981689453,19.80328941345215,24.73553466796875,942.5
2022-04-14,942.5,1479.0,155.69000244140625,19.76129913330078,24.73553466796875,950.0
2022-04-19,950.0,1465.0,154.5800018310547,19.79520034790039,24.73553466796875,944.5
2022-04-20,944.5,1467.0,154.41000366210938,20.018110275268555,24.73553466796875,936.5
2022-04-21,936.5,1465.0,154.27000427246094,19.97369956970215,24.73553466796875,934.0
2022-04-22,934.0,1465.0,154.1300048828125,20.184650421142578,24.73553466796875,930.0
2022-04-25,930.0,1466.0,152.47000122070312,20.23200035095215,24.73553466796875,935.0
2022-04-26,935.0,1466.0,152.0800018310547,20.214599609375,24.73553466796875,935.0
2022-04-27,935.0,1370.0,151.6199951171875,20.380319595336914,24.73553466796875,935.5
2022-04-28,935.5,1390.0,151.19000244140625,20.372299194335938,24.73553466796875,935.79
2022-04-29,935.79,1400.0,150.77000427246094,20.441299438476562,24.73553466796875,839.5
2022-05-03,839.5,1370.0,144.0800018310547,20.448200225830078,24.73553466796875,850.0
2022-05-04,850.0,1390.0,142.89999389648438,20.280059814453125,24.73553466796875,860.5
2022-05-05,860.5,1395.0,144.89999389648438,20.038259506225586,24.73553466796875,840.0
2022-05-06,840.0,1378.0,136.91000366210938,20.21470069885254,24.73553466796875,822.0
2022-05-09,822.0,1365.0,133.30999755859375,20.176300048828125,24.73553466796875,815.5
2022-05-10,815.5,1363.0,131.89999389648438,20.3635196685791,24.73553466796875,814.5
2022-05-11,814.5,1390.0,134.25999450683594,20.380359649658203,24.73553466796875,799.5
2022-05-12,799.5,1380.0,131.97999572753906,20.319730758666992,24.73553466796875,801.0
2022-05-13,801.0,1382.0,132.3300018310547,20.172700881958008,24.73553466796875,804.5
2022-05-16,804.5,1376.0,132.9600067138672,20.09126091003418,24.73553466796875,802.5
2022-05-17,802.5,1377.0,132.61000061035156,20.019100189208984,24.73553466796875,802.5
2022-05-18,802.5,1380.0,130.80999755859375,19.93549919128418,24.73553466796875,795.0
2022-05-19,795.0,1377.0,131.9199981689453,20.023000717163086,24.73553466796875,790.0
2022-05-20,790.0,1385.0,133.66000366210938,19.923599243164062,24.73553466796875,800.0
2022-05-23,800.0,1385.0,133.99000549316406,19.84942054748535,24.73553466796875,800.0
2022-05-24,800.0,1385.0,133.30999755859375,19.917959213256836,24.73553466796875,806.0
2022-05-25,806.0,1200.0,133.27000427246094,19.84269905090332,24.73553466796875,805.0
2022-05-26,805.0,1200.0,132.97999572753906,19.818199157714844,24.73553466796875,804.5
2022-05-27,804.5,1195.0,133.1699981689453,19.75189971923828,24.73553466796875,804.5
2022-05-30,804.5,1195.0,133.1699981689453,19.56999969482422,24.73553466796875,803.21
2022-05-31,803.21,1190.0,133.50999450683594,19.531299591064453,24.73553466796875,740.0
2022-06-01,740.0,1161.0,136.9499969482422,19.648740768432617,24.73553466796875,740.0
2022-06-06,740.0,1155.0,144.80999755859375,19.54521942138672,24.73553466796875,740.0
2022-06-07,740.0,1151.0,145.8800048828125,19.555299758911133,24.73553466796875,730.5
2022-06-08,730.5,1150.0,145.33999633789062,19.57670021057129,24.73553466796875,725.0
2022-06-09,725.0,1150.0,143.6300048828125,19.587099075317383,24.73553466796875,715.0
2022-06-10,715.0,1160.0,141.50999450683594,19.676300048828125,24.73553466796875,715.0
2022-06-13,715.0,1138.0,140.33999633789062,20.019460678100586,24.73553466796875,708.0
2022-06-14,708.0,1135.0,140.08999633789062,20.466800689697266,24.73553466796875,700.5
2022-06-15,700.5,1135.0,137.1699981689453,20.560659408569336,24.73553466796875,698.0
2022-06-16,698.0,1126.0,137.85000610351562,20.222150802612305,24.73553466796875,692.5
2022-06-17,692.5,1126.0,135.69000244140625,20.397199630737305,24.73553466796875,688.0
2022-06-20,688.0,1126.0,135.69000244140625,20.294309616088867,24.73553466796875,692.5
2022-06-21,692.5,1127.0,133.47000122070312,20.26849937438965,24.73553466796875,684.0
2022-06-22,684.0,1118.0,127.91999816894531,20.136999130249023,24.73553466796875,684.5
2022-06-23,684.5,1127.0,131.4499969482422,20.04949951171875,24.73553466796875,678.5
2022-06-24,678.5,1127.0,129.7100067138672,20.009899139404297,24.73553466796875,687.0
2022-06-27,687.0,1127.0,130.92999267578125,19.892559051513672,24.73553466796875,689.5
2022-06-28,689.5,1126.0,131.00999450683594,19.90290069580078,24.73553466796875,692.5
2022-06-29,692.5,945.0,130.4600067138672,20.1466007232666,24.73553466796875,692.38
2022-06-30,692.38,930.0,130.0,20.130359649658203,24.73553466796875,669.0
2022-07-01,669.0,930.0,114.44999694824219,20.102949142456055,24.73553466796875,675.0
2022-07-04,675.0,930.0,114.44999694824219,20.250200271606445,24.73553466796875,675.0
2022-07-05,675.0,921.0,113.61000061035156,20.268400192260742,24.73553466796875,685.0
2022-07-06,685.0,923.0,112.37999725341797,20.522899627685547,24.73553466796875,692.5
2022-07-07,692.5,921.0,115.13999938964844,20.64109992980957,24.73553466796875,685.0
2022-07-08,685.0,917.0,113.73999786376953,20.493999481201172,24.73553466796875,680.0
2022-07-11,680.0,915.0,109.97000122070312,20.46269989013672,24.73553466796875,682.5
2022-07-12,682.5,910.0,109.68000030517578,20.721200942993164,24.73553466796875,682.5
2022-07-13,682.5,923.0,111.05000305175781,20.8664608001709,24.73553466796875,682.5
2022-07-14,682.5,917.0,106.01000213623047,20.790800094604492,24.73553466796875,682.5
2022-07-15,682.5,915.0,104.30000305175781,20.805889129638672,24.73553466796875,682.5
2022-07-18,682.5,915.0,106.69000244140625,20.49959945678711,24.73553466796875,682.5
2022-07-19,682.5,915.0,104.76000213623047,20.44502067565918,24.73553466796875,682.5
2022-07-20,682.5,915.0,104.51000213623047,20.519800186157227,24.73553466796875,682.5
2022-07-21,682.5,915.0,105.2699966430664,20.54210090637207,24.73553466796875,682.5
2022-07-22,682.5,923.0,105.38999938964844,20.65410041809082,24.73553466796875,682.5
2022-07-25,682.5,923.0,105.41999816894531,20.53459930419922,24.73553466796875,685.0
2022-07-26,685.0,918.0,106.01000213623047,20.450700759887695,24.73553466796875,682.5
2022-07-27,682.5,850.0,106.23999786376953,20.453699111938477,24.73553466796875,682.5
2022-07-28,682.5,854.0,106.88999938964844,20.373300552368164,24.73553466796875,680.71
2022-07-29,680.71,855.0,107.22000122070312,20.281200408935547,24.73553466796875,628.5
2022-08-01,628.5,832.0,114.3499984741211,20.374500274658203,24.73553466796875,625.0
2022-08-02,625.0,823.0,113.36000061035156,20.383499145507812,24.73553466796875,637.0
2022-08-03,637.0,819.0,110.11000061035156,20.810909271240234,24.73553466796875,631.5
2022-08-04,631.5,813.0,107.02999877929688,20.492700576782227,24.73553466796875,641.0
2022-08-05,641.0,818.0,109.19999694824219,20.323699951171875,24.73553466796875,650.0
2022-08-08,650.0,818.0,110.37999725341797,20.42140007019043,24.73553466796875,660.5
2022-08-09,660.5,827.0,109.8499984741211,20.2406005859375,24.73553466796875,659.0
2022-08-10,659.0,822.0,109.62999725341797,20.239999771118164,24.73553466796875,652.5
2022-08-11,652.5,815.0,110.41000366210938,20.015100479125977,24.73553466796875,660.0
2022-08-12,660.0,812.0,109.70999908447266,19.93320083618164,24.73553466796875,645.0
2022-08-15,645.0,803.0,107.5999984741211,19.85363006591797,24.73553466796875,645.0
2022-08-16,645.0,795.0,107.37000274658203,19.808300018310547,24.73553466796875,640.5
2022-08-17,640.5,795.0,105.51000213623047,19.903539657592773,24.73553466796875,645.0
2022-08-18,645.0,790.0,106.05000305175781,19.970399856567383,24.73553466796875,642.0
2022-08-19,642.0,787.0,105.63999938964844,20.130159378051758,24.73553466796875,641.0
2022-08-22,641.0,785.0,105.5199966430664,20.189050674438477,24.73553466796875,638.5
2022-08-23,638.5,784.0,105.56999969482422,20.12689971923828,24.73553466796875,645.5
2022-08-24,645.5,792.0,105.55000305175781,19.983680725097656,24.73553466796875,645.0
2022-08-25,645.0,793.0,105.3499984741211,19.902599334716797,24.73553466796875,643.0
2022-08-26,643.0,794.0,105.48999786376953,19.919099807739258,24.73553466796875,644.0
2022-08-30,644.0,790.0,104.91999816894531,19.984800338745117,24.73553466796875,643.64
2022-08-31,643.64,780.0,104.76000213623047,20.127300262451172,24.73553466796875,655.0
2022-09-01,655.0,781.0,96.29000091552734,20.186660766601562,24.73553466796875,670.0
2022-09-02,670.0,780.0,95.55000305175781,20.166900634765625,24.73553466796875,669.5
2022-09-05,669.5,780.0,95.55000305175781,19.970500946044922,24.73553466796875,668.0
2022-09-06,668.0,775.0,97.44000244140625,19.965599060058594,24.73553466796875,675.0
2022-09-07,675.0,800.0,97.19000244140625,20.131500244140625,24.73553466796875,674.5
2022-09-09,674.5,818.0,100.20999908447266,19.933500289916992,24.73553466796875,670.0
2022-09-12,670.0,805.0,101.41000366210938,19.859100341796875,24.73553466796875,660.0
2022-09-13,660.0,805.0,101.43000030517578,19.830020904541016,24.73553466796875,664.0
2022-09-14,664.0,793.0,100.43000030517578,20.03190040588379,24.73553466796875,663.0
2022-09-15,663.0,800.0,100.38999938964844,19.95159912109375,24.73553466796875,665.0
2022-09-16,665.0,789.0,99.26000213623047,20.08099937438965,24.73553466796875,665.0
2022-09-19,665.0,787.0,98.98999786376953,20.03022003173828,24.73553466796875,666.0
2022-09-20,666.0,798.0,98.80000305175781,19.903099060058594,24.73553466796875,669.0
2022-09-21,669.0,798.0,98.6500015258789,19.976299285888672,24.73553466796875,671.0
2022-09-22,671.0,798.0,98.83000183105469,20.044099807739258,24.73553466796875,672.0
2022-09-23,672.0,802.0,98.88999938964844,19.919200897216797,24.73553466796875,670.5
2022-09-26,670.5,799.0,99.01000213623047,20.211259841918945,24.73553466796875,673.0
2022-09-27,673.0,802.0,98.70999908447266,20.37074089050293,24.73553466796875,672.5
2022-09-28,672.5,786.0,98.5199966430664,20.368629455566406,24.73553466796875,671.0
2022-09-29,671.0,783.0,98.41999816894531,20.18494987487793,24.73553466796875,672.74
2022-09-30,672.74,776.0,98.30999755859375,20.12455940246582,24.73553466796875,690.0
2022-10-03,690.0,770.0,94.22000122070312,20.117389678955078,24.73553466796875,690.0
2022-10-04,690.0,774.0,95.20999908447266,20.00670051574707,24.73553466796875,685.0
2022-10-05,685.0,757.0,95.26000213623047,19.965190887451172,24.73553466796875,690.0
2022-10-06,690.0,750.0,95.45999908447266,20.03380012512207,24.73553466796875,686.0
2022-10-07,686.0,748.0,95.62000274658203,20.100099563598633,24.73553466796875,688.0
2022-10-10,688.0,750.0,97.3499984741211,20.029800415039062,24.73553466796875,691.5
2022-10-11,691.5,736.0,96.97000122070312,19.94029998779297,24.73553466796875,688.56
2022-10-12,688.56,751.0,96.12999725341797,20.06555938720703,24.73553466796875,685.0
2022-10-13,685.0,753.0,95.4000015258789,19.97319984436035,24.73553466796875,683.0
2022-10-14,683.0,751.0,95.93000030517578,19.97570037841797,24.73553466796875,680.0
2022-10-17,680.0,755.0,94.93000030517578,20.015899658203125,24.73553466796875,679.0
2022-10-18,679.0,752.0,95.20999908447266,19.971799850463867,24.73553466796875,677.5
2022-10-19,677.5,758.0,94.86000061035156,20.01889991760254,24.73553466796875,676.0
2022-10-20,676.0,757.0,94.76000213623047,20.127410888671875,24.73553466796875,675.0
2022-10-21,675.0,762.0,94.86000061035156,20.042760848999023,24.73553466796875,680.5
2022-10-24,680.5,757.0,94.51000213623047,19.9325008392334,24.73553466796875,670.0
2022-10-25,670.0,763.0,94.61000061035156,19.908100128173828,24.73553466796875,670.0
2022-10-26,670.0,700.0,93.55999755859375,19.866600036621094,24.73553466796875,674.0
2022-10-27,674.0,697.0,92.80999755859375,19.943029403686523,24.73553466796875,675.0
2022-10-28,675.0,710.0,93.01000213623047,19.840309143066406,24.73553466796875,678.14
2022-10-31,678.14,713.0,92.43000030517578,19.820199966430664,24.73553466796875,637.0
2022-11-01,637.0,709.0,80.02999877929688,19.79319953918457,24.73553466796875,640.0
2022-11-02,640.0,676.0,82.0999984741211,19.724899291992188,24.73553466796875,632.0
2022-11-03,632.0,680.0,83.37000274658203,19.67840003967285,24.73553466796875,633.0
2022-11-04,633.0,678.0,85.16000366210938,19.670270919799805,24.73553466796875,626.5
2022-11-07,626.5,669.0,87.13999938964844,19.5633602142334,24.73553466796875,630.0
2022-11-08,630.0,664.0,85.33000183105469,19.443099975585938,24.73553466796875,633.5
2022-11-09,633.5,664.0,87.51000213623047,19.537620544433594,24.73553466796875,634.5
2022-11-10,634.5,658.0,88.19000244140625,19.56209945678711,24.73553466796875,635.5
2022-11-11,635.5,662.0,90.79000091552734,19.315509796142578,24.73553466796875,639.0
2022-11-14,639.0,673.0,92.08999633789062,19.514429092407227,24.73553466796875,636.0
2022-11-15,636.0,666.0,92.29000091552734,19.33919906616211,24.73553466796875,634.0
2022-11-16,634.0,662.0,92.33999633789062,19.34119987487793,24.73553466796875,636.5
2022-11-17,636.5,662.0,93.08999633789062,19.33333969116211,24.73553466796875,634.5
2022-11-18,634.5,663.0,92.88999938964844,19.399900436401367,24.73553466796875,636.0
2022-11-21,636.0,665.0,91.54000091552734,19.443199157714844,24.73553466796875,634.5
2022-11-22,634.5,663.0,91.44999694824219,19.531600952148438,24.73553466796875,633.5
2022-11-23,633.5,658.0,91.94000244140625,19.441909790039062,24.73553466796875,632.5
2022-11-24,632.5,658.0,91.94000244140625,19.334999084472656,24.73553466796875,634.5
2022-11-25,634.5,656.0,92.73999786376953,19.38129997253418,24.73553466796875,638.0
2022-11-28,638.0,655.0,93.04000091552734,19.34354019165039,24.73553466796875,639.5
2022-11-29,639.5,655.0,92.9000015258789,19.296300888061523,24.73553466796875,636.89
2022-11-30,636.89,655.0,93.25,19.23200035095215,24.73553466796875,661.5
2022-12-01,661.5,660.0,103.0999984741211,19.264850616455078,24.73553466796875,672.5
2022-12-02,672.5,672.0,107.44000244140625,19.128299713134766,24.73553466796875,673.0
2022-12-05,673.0,666.0,107.68000030517578,19.38298988342285,24.73553466796875,674.0
2022-12-06,674.0,671.0,108.48999786376953,19.721399307250977,24.73553466796875,675.0
2022-12-07,675.0,656.0,107.08999633789062,19.7544002532959,24.73553466796875,672.5
2022-12-08,672.5,662.0,109.48999786376953,19.666900634765625,24.73553466796875,676.5
2022-12-09,676.5,667.0,110.4800033569336,19.621559143066406,24.73553466796875,671.0
2022-12-12,671.0,670.0,109.47000122070312,19.786699295043945,24.73553466796875,668.5
2022-12-13,668.5,665.0,109.2300033569336,19.847299575805664,24.73553466796875,669.5
2022-12-14,669.5,670.0,109.26000213623047,19.542020797729492,24.73553466796875,671.0
2022-12-15,671.0,677.0,110.5,19.609399795532227,24.73553466796875,666.5
2022-12-16,666.5,675.0,110.2699966430664,19.74959945678711,24.73553466796875,665.0
2022-12-19,665.0,671.0,109.55999755859375,19.79690933227539,24.73553466796875,661.5
2022-12-20,661.5,670.0,109.86000061035156,19.787599563598633,24.73553466796875,660.5
2022-12-21,660.5,660.0,110.73999786376953,19.754199981689453,24.73553466796875,662.5
2022-12-22,662.5,659.0,110.43000030517578,19.659589767456055,24.73553466796875,667.0
2022-12-23,667.0,661.0,110.4800033569336,19.559499740600586,24.73553466796875,673.0
2022-12-28,673.0,741.0,110.80000305175781,19.462099075317383,24.73553466796875,665.5
2022-12-29,665.5,742.0,110.9800033569336,19.422300338745117,24.73553466796875,664.93
2022-12-30,664.93,744.0,111.27999877929688,19.457599639892578,24.73553466796875,683.0
2023-01-03,683.0,722.0,117.79000091552734,19.458799362182617,24.73553466796875,688.0
2023-01-04,688.0,723.0,115.3499984741211,19.40760040283203,24.73553466796875,694.0
2023-01-05,694.0,725.0,114.97000122070312,19.38680076599121,24.73553466796875,699.0
2023-01-06,699.0,730.0,116.56999969482422,19.31855010986328,24.73553466796875,694.5
2023-01-09,694.5,730.0,117.41000366210938,19.124300003051758,24.73553466796875,691.5
2023-01-10,691.5,730.0,119.66000366210938,19.124500274658203,24.73553466796875,690.5
2023-01-11,690.5,729.0,121.0199966430664,19.059600830078125,24.73553466796875,685.0
2023-01-12,685.0,728.0,121.26000213623047,18.942399978637695,24.73553466796875,687.5
2023-01-13,687.5,725.0,122.33000183105469,18.844310760498047,24.73553466796875,680.0
2023-01-16,680.0,725.0,122.33000183105469,18.774200439453125,24.73553466796875,685.5
2023-01-17,685.5,730.0,120.94999694824219,18.77790069580078,24.73553466796875,692.5
2023-01-18,692.5,715.0,121.19000244140625,18.64150047302246,24.73553466796875,690.5
2023-01-19,690.5,718.0,121.79000091552734,18.874059677124023,24.73553466796875,685.0
2023-01-20,685.0,715.0,122.16000366210938,18.98270034790039,24.73553466796875,681.0
2023-01-23,681.0,714.0,121.94000244140625,18.857770919799805,24.73553466796875,685.5
2023-01-24,685.5,705.0,121.97000122070312,18.81325912475586,24.73553466796875,691.0
2023-01-25,691.0,780.0,121.93000030517578,18.783599853515625,24.73553466796875,691.0
2023-01-26,691.0,775.0,122.48999786376953,18.776199340820312,24.73553466796875,690.0
2023-01-27,690.0,775.0,122.69999694824219,18.79669952392578,24.73553466796875,688.0
2023-01-30,688.0,788.0,123.08000183105469,18.768749237060547,24.73553466796875,688.74
2023-01-31,688.74,788.0,123.37000274658203,18.75860023498535,24.73553466796875,702.0
2023-02-01,702.0,788.0,126.33000183105469,18.842870712280273,24.73553466796875,704.5
2023-02-02,704.5,795.0,123.94999694824219,18.58289909362793,24.73553466796875,711.0
2023-02-03,711.0,797.0,125.26000213623047,18.641399383544922,24.73553466796875,704.0
2023-02-06,704.0,793.0,124.33999633789062,18.990869522094727,24.73553466796875,710.0
2023-02-07,710.0,802.0,122.75,19.167999267578125,24.73553466796875,709.0
2023-02-08,709.0,800.0,123.20999908447266,18.881500244140625,24.73553466796875,711.0
2023-02-09,711.0,803.0,124.6500015258789,18.934450149536133,24.73553466796875,707.0
2023-02-10,707.0,798.0,125.13999938964844,18.77829933166504,24.73553466796875,709.5
2023-02-13,709.5,805.0,123.76000213623047,18.67840003967285,24.73553466796875,707.0
2023-02-14,707.0,804.0,124.19999694824219,18.565040588378906,24.73553466796875,710.5
2023-02-15,710.5,802.0,124.33999633789062,18.50480079650879,24.73553466796875,712.0
2023-02-16,712.0,804.0,124.69000244140625,18.584550857543945,24.73553466796875,707.5
2023-02-17,707.5,798.0,124.94000244140625,18.54871940612793,24.73553466796875,709.0
2023-02-20,709.0,798.0,124.94000244140625,18.36737060546875,24.73553466796875,700.0
2023-02-21,700.0,787.0,126.33999633789062,18.38520050048828,24.73553466796875,705.0
2023-02-22,705.0,962.0,125.7699966430664,18.429899215698242,24.73553466796875,709.0
2023-02-23,709.0,986.0,125.91999816894531,18.364580154418945,24.73553466796875,699.0
2023-02-24,699.0,1020.0,125.8499984741211,18.36865997314453,24.73553466796875,706.0
2023-02-27,706.0,1044.0,125.73999786376953,18.39133071899414,24.73553466796875,706.88
2023-02-28,706.88,1054.0,125.75,18.366899490356445,24.73553466796875,759.0
2023-03-01,759.0,1028.0,126.80000305175781,18.300939559936523,24.73553466796875,751.5
2023-03-02,751.5,1049.0,127.0199966430664,18.115970611572266,24.73553466796875,741.5
2023-03-03,741.5,1050.0,126.63999938964844,18.105300903320312,24.73553466796875,747.0
2023-03-06,747.0,1060.0,125.5,17.97800064086914,24.73553466796875,749.0
2023-03-07,749.0,1050.0,127.33000183105469,18.00135040283203,24.73553466796875,744.0
2023-03-08,744.0,1065.0,127.37000274658203,18.100099563598633,24.73553466796875,749.0
2023-03-09,749.0,1060.0,129.47999572753906,17.97075080871582,24.73553466796875,754.0
2023-03-10,754.0,1056.0,129.44000244140625,18.329639434814453,24.73553466796875,747.0
2023-03-13,747.0,1055.0,130.49000549316406,18.31702995300293,24.73553466796875,743.0
2023-03-14,743.0,1075.0,130.0399932861328,18.91908073425293,24.73553466796875,731.0
2023-03-15,731.0,1062.0,130.08999633789062,18.600500106811523,24.73553466796875,735.0
2023-03-16,735.0,1056.0,128.91000366210938,18.991899490356445,24.73553466796875,730.0
2023-03-17,730.0,1056.0,130.0,18.769390106201172,24.73553466796875,724.5
2023-03-20,724.5,1055.0,128.25999450683594,18.843420028686523,24.73553466796875,725.0
2023-03-21,725.0,1056.0,128.00999450683594,18.814599990844727,24.73553466796875,720.0
2023-03-22,720.0,1058.0,127.7300033569336,18.62405014038086,24.73553466796875,720.0
2023-03-23,720.0,1056.0,126.66000366210938,18.593360900878906,24.73553466796875,722.5
2023-03-24,722.5,1057.0,126.01000213623047,18.567899703979492,24.73553466796875,725.0
2023-03-27,725.0,1060.0,126.01000213623047,18.427059173583984,24.73553466796875,724.0
2023-03-28,724.0,1036.0,126.01000213623047,18.318599700927734,24.73553466796875,723.0
2023-03-29,723.0,1170.0,126.01000213623047,18.219200134277344,24.73553466796875,721.5
2023-03-30,721.5,1165.0,126.01000213623047,18.094030380249023,24.73553466796875,726.93
2023-03-31,726.93,1164.0,127.05999755859375,18.089550018310547,24.73553466796875,682.0
2023-04-03,682.0,1175.0,122.19000244140625,18.03915023803711,24.73553466796875,678.5
2023-04-04,678.5,1171.0,120.23999786376953,18.087570190429688,24.73553466796875,688.0
2023-04-05,688.0,1162.0,119.66999816894531,18.112499237060547,24.73553466796875,674.0
2023-04-06,674.0,1166.0,119.16000366210938,18.308799743652344,24.73553466796875,680.0
2023-04-11,680.0,1165.0,121.05000305175781,18.14310073852539,24.73553466796875,681.0
2023-04-12,681.0,1184.0,120.5,18.158899307250977,24.73553466796875,680.0
2023-04-13,680.0,1180.0,119.91999816894531,18.055099487304688,24.73553466796875,680.0
2023-04-14,680.0,1175.0,119.11000061035156,18.018999099731445,24.73553466796875,681.5
2023-04-17,681.5,1175.0,120.01000213623047,17.99287986755371,24.73553466796875,684.0
2023-04-18,684.0,1175.0,120.33999633789062,18.03219985961914,24.73553466796875,679.0
2023-04-19,679.0,1176.0,120.26000213623047,18.043489456176758,24.73553466796875,673.0
2023-04-20,673.0,1176.0,119.30999755859375,18.04050064086914,24.73553466796875,672.0
2023-04-21,672.0,1178.0,117.20999908447266,17.997909545898438,24.73553466796875,673.0
2023-04-24,673.0,1177.0,116.76000213623047,17.997140884399414,24.73553466796875,680.0
2023-04-25,680.0,1176.0,117.5999984741211,17.965200424194336,24.73553466796875,675.0
2023-04-26,675.0,1073.0,116.70999908447266,18.0403995513916,24.73553466796875,676.5
2023-04-27,676.5,1074.0,116.20999908447266,18.158550262451172,24.73553466796875,675.42
2023-04-28,675.42,1069.0,116.13999938964844,18.024499893188477,24.73553466796875,615.0
2023-05-02,615.0,1086.0,106.01000213623047,17.93769073486328,24.73553466796875,622.5
2023-05-03,622.5,1105.0,105.4800033569336,17.97426986694336,24.73553466796875,621.0
2023-05-04,621.0,1096.0,103.87000274658203,17.956100463867188,24.73553466796875,615.0
2023-05-05,615.0,1101.0,103.55000305175781,17.89937973022461,24.73553466796875,610.0
2023-05-09,610.0,1099.0,106.05000305175781,17.787580490112305,24.73553466796875,615.0
2023-05-10,615.0,1095.0,106.8499984741211,17.743499755859375,24.73553466796875,616.0
2023-05-11,616.0,1095.0,104.80000305175781,17.537200927734375,24.73553466796875,621.0
2023-05-12,621.0,1096.0,105.16000366210938,17.57469940185547,24.73553466796875,616.0
2023-05-15,616.0,1093.0,106.7699966430664,17.596250534057617,24.73553466796875,626.0
2023-05-16,626.0,1093.0,106.83999633789062,17.4330997467041,24.73553466796875,632.5
2023-05-17,632.5,1092.0,107.37999725341797,17.480300903320312,24.73553466796875,617.0
2023-05-18,617.0,1096.0,107.2699966430664,17.606769561767578,24.73553466796875,614.5
2023-05-19,614.5,1094.0,107.0999984741211,17.715700149536133,24.73553466796875,621.5
2023-05-22,621.5,1090.0,107.16000366210938,17.7460994720459,24.73553466796875,622.0
2023-05-23,622.0,1090.0,106.54000091552734,17.879899978637695,24.73553466796875,620.0
2023-05-24,620.0,1099.0,105.55999755859375,17.958200454711914,24.73553466796875,620.0
2023-05-25,620.0,1099.0,105.5999984741211,17.799930572509766,24.73553466796875,625.0
2023-05-26,625.0,1099.0,105.41000366210938,17.84630012512207,24.73553466796875,621.5
2023-05-30,621.5,1099.0,105.19999694824219,17.598819732666016,24.73553466796875,623.18
2023-05-31,623.18,934.0,105.06999969482422,17.65570068359375,24.73553466796875,610.0
2023-06-01,610.0,935.0,104.5,17.67650032043457,24.73553466796875,610.5
2023-06-02,610.5,940.0,106.33000183105469,17.538799285888672,24.73553466796875,614.5
2023-06-05,614.5,945.0,107.37999725341797,17.550399780273438,24.73553466796875,615.0
2023-06-06,615.0,935.0,108.58999633789062,17.445899963378906,24.73553466796875,611.0
2023-06-07,611.0,930.0,109.18000030517578,17.367700576782227,24.73553466796875,617.5
2023-06-08,617.5,928.0,111.43000030517578,17.355289459228516,24.73553466796875,615.5
2023-06-09,615.5,928.0,112.95999908447266,17.37220001220703,24.73553466796875,608.0
2023-06-12,608.0,930.0,111.13999938964844,17.27090072631836,24.73553466796875,620.5
2023-06-13,620.5,929.0,112.44999694824219,17.2841796875,24.73553466796875,620.5
2023-06-14,620.5,923.0,112.75,17.233789443969727,24.73553466796875,619.5
2023-06-15,619.5,927.0,112.93000030517578,17.127399444580078,24.73553466796875,620.0
2023-06-16,620.0,927.0,113.0199966430664,17.12636947631836,24.73553466796875,607.5
2023-06-19,607.5,927.0,113.0199966430664,17.0669002532959,24.73553466796875,614.5
2023-06-20,614.5,927.0,113.08000183105469,17.072999954223633,24.73553466796875,613.5
2023-06-21,613.5,912.0,112.8499984741211,17.20363998413086,24.73553466796875,614.5
2023-06-22,614.5,912.0,112.8499984741211,17.11750030517578,24.73553466796875,613.5
2023-06-23,613.5,910.0,112.6500015258789,17.170000076293945,24.73553466796875,615.0
2023-06-26,615.0,910.0,112.45999908447266,17.1471004486084,24.73553466796875,617.5
2023-06-27,617.5,910.0,112.5999984741211,17.117000579833984,24.73553466796875,620.5
2023-06-28,620.5,894.0,112.63999938964844,17.076499938964844,24.73553466796875,619.0
2023-06-29,619.0,885.0,112.62000274658203,17.08289909362793,24.73553466796875,592.0
2023-06-30,592.0,881.0,112.56999969482422,17.10610008239746,24.73553466796875,591.5
2023-07-03,591.5,865.0,110.87000274658203,17.12080955505371,24.73553466796875,593.0
2023-07-04,593.0,865.0,110.87000274658203,17.047000885009766,24.73553466796875,588.0
2023-07-05,588.0,874.0,111.83999633789062,17.035499572753906,24.73553466796875,594.5
2023-07-06,594.5,895.0,112.2699966430664,17.006080627441406,24.73553466796875,580.0
2023-07-07,580.0,905.0,110.54000091552734,17.231609344482422,24.73553466796875,586.5
2023-07-10,586.5,901.0,109.20999908447266,17.147850036621094,24.73553466796875,585.5
2023-07-11,585.5,907.0,109.33999633789062,17.0447998046875,24.73553466796875,582.5
2023-07-12,582.5,896.0,110.61000061035156,17.028900146484375,24.73553466796875,578.0
2023-07-13,578.0,899.0,110.94999694824219,16.89642906188965,24.73553466796875,579.5
2023-07-14,579.5,897.0,112.37999725341797,16.846630096435547,24.73553466796875,574.5
2023-07-17,574.5,892.0,111.80999755859375,16.73870086669922,24.73553466796875,575.0
2023-07-18,575.0,887.0,112.16999816894531,16.713699340820312,24.73553466796875,575.0
2023-07-19,575.0,861.0,112.08000183105469,16.75214958190918,24.73553466796875,575.5
2023-07-20,575.5,858.0,112.43000030517578,16.711870193481445,24.73553466796875,577.0
2023-07-21,577.0,858.0,112.47000122070312,16.86590003967285,24.73553466796875,570.0
2023-07-24,570.0,858.0,112.51000213623047,16.974300384521484,24.73553466796875,578.5
2023-07-25,578.5,858.0,112.72000122070312,16.826099395751953,24.73553466796875,574.5
2023-07-26,574.5,835.0,112.88999938964844,16.926700592041016,24.73553466796875,578.5
2023-07-27,578.5,826.0,112.9000015258789,16.86244010925293,24.73553466796875,580.5
2023-07-28,580.5,824.0,112.69000244140625,16.84709930419922,24.73553466796875,563.5
2023-07-31,563.5,825.0,112.45999908447266,16.68090057373047,24.73553466796875,559.0
2023-08-01,559.0,820.0,108.31999969482422,16.738100051879883,24.73553466796875,551.5
2023-08-02,551.5,825.0,107.41000366210938,16.8735294342041,24.73553466796875,550.0
2023-08-03,550.0,815.0,104.26000213623047,17.00079917907715,24.73553466796875,548.5
2023-08-04,548.5,803.0,105.18000030517578,17.318199157714844,24.73553466796875,554.0
2023-08-07,554.0,804.0,104.7300033569336,17.08099937438965,24.73553466796875,550.0
2023-08-08,550.0,802.0,104.41000366210938,17.064699172973633,24.73553466796875,555.0
2023-08-09,555.0,801.0,104.69999694824219,17.106399536132812,24.73553466796875,555.0
2023-08-10,555.0,806.0,104.5999984741211,17.059289932250977,24.73553466796875,557.5
2023-08-11,557.5,806.0,105.37000274658203,17.067699432373047,24.73553466796875,555.0
2023-08-14,555.0,804.0,104.62999725341797,16.993989944458008,24.73553466796875,563.0
2023-08-15,563.0,804.0,104.80000305175781,17.045299530029297,24.73553466796875,564.0
2023-08-16,564.0,811.0,104.80999755859375,17.12866973876953,24.73553466796875,564.0
2023-08-17,564.0,810.0,105.63999938964844,17.14409065246582,24.73553466796875,562.5
2023-08-18,562.5,807.0,106.0999984741211,17.09787940979004,24.73553466796875,560.5
2023-08-21,560.5,807.0,106.4800033569336,17.026100158691406,24.73553466796875,558.5
2023-08-22,558.5,807.0,106.7699966430664,17.012800216674805,24.73553466796875,561.0
2023-08-23,561.0,802.0,107.47000122070312,16.906450271606445,24.73553466796875,556.0
2023-08-24,556.0,803.0,107.81999969482422,16.77910041809082,24.73553466796875,561.0
2023-08-25,561.0,803.0,108.20999908447266,16.830610275268555,24.73553466796875,558.5
2023-08-29,558.5,801.0,108.6500015258789,16.785999298095703,24.73553466796875,568.5
2023-08-30,568.5,729.0,108.98999786376953,16.786699295043945,24.73553466796875,564.5
2023-08-31,564.5,729.0,109.4000015258789,16.757129669189453,24.73553466796875,559.0
2023-09-01,559.0,720.0,118.19000244140625,16.998220443725586,24.73553466796875,559.5
2023-09-04,559.5,720.0,118.19000244140625,17.073270797729492,24.73553466796875,562.0
2023-09-05,562.0,711.0,117.12999725341797,17.17608070373535,24.73553466796875,559.5
2023-09-06,559.5,717.0,118.97000122070312,17.382600784301758,24.73553466796875,560.5
2023-09-07,560.5,725.0,117.4000015258789,17.578899383544922,24.73553466796875,560.5
2023-09-08,560.5,720.0,116.9000015258789,17.577299118041992,24.73553466796875,565.0
2023-09-11,565.0,720.0,118.2300033569336,17.543140411376953,24.73553466796875,572.0
2023-09-12,572.0,719.0,120.33000183105469,17.281030654907227,24.73553466796875,570.0
2023-09-13,570.0,707.0,120.52999877929688,17.21339988708496,24.73553466796875,570.5
2023-09-14,570.5,706.0,120.55999755859375,17.130599975585938,24.73553466796875,572.5
2023-09-15,572.5,704.0,121.29000091552734,17.106359481811523,24.73553466796875,565.0
2023-09-18,565.0,706.0,122.19999694824219,17.047399520874023,24.73553466796875,566.0
2023-09-19,566.0,706.0,122.16000366210938,17.11669921875,24.73553466796875,567.0
2023-09-20,567.0,704.0,121.83000183105469,17.06485939025879,24.73553466796875,567.0
2023-09-21,567.0,704.0,121.69000244140625,17.092159271240234,24.73553466796875,570.0
2023-09-22,570.0,705.0,121.33000183105469,17.21109962463379,24.73553466796875,560.0
2023-09-25,560.0,705.0,121.18000030517578,17.173599243164062,24.73553466796875,562.0
2023-09-26,562.0,702.0,120.93000030517578,17.3843994140625,24.73553466796875,566.5
2023-09-27,566.5,712.0,120.83999633789062,17.54500961303711,24.73553466796875,565.0
2023-09-28,565.0,715.0,120.83999633789062,17.68695068359375,24.73553466796875,573.0
2023-09-29,573.0,704.0,120.79000091552734,17.5389404296875,24.73553466796875,569.0
2023-10-02,569.0,695.0,120.13999938964844,17.39539909362793,24.73553466796875,570.0
2023-10-03,570.0,686.0,118.44000244140625,17.662500381469727,24.73553466796875,572.0
2023-10-04,572.0,691.0,118.02999877929688,18.0093994140625,24.73553466796875,569.5
2023-10-05,569.5,705.0,117.41999816894531,17.978099822998047,24.73553466796875,571.0
2023-10-06,571.0,705.0,117.73999786376953,18.278139114379883,24.73553466796875,573.0
2023-10-09,573.0,701.0,118.18000030517578,18.22800064086914,24.73553466796875,567.0
2023-10-10,567.0,701.0,117.4000015258789,18.207679748535156,24.73553466796875,567.0
2023-10-11,567.0,700.0,118.30999755859375,17.934030532836914,24.73553466796875,562.0
2023-10-12,562.0,696.0,117.41999816894531,17.837169647216797,24.73553466796875,560.0
2023-10-13,560.0,695.0,118.56999969482422,17.97064971923828,24.73553466796875,560.5
2023-10-16,560.5,698.0,119.25,18.049999237060547,24.73553466796875,556.5
2023-10-17,556.5,705.0,119.30999755859375,17.90700912475586,24.73553466796875,560.0
2023-10-18,560.0,703.0,119.01000213623047,18.001800537109375,24.73553466796875,558.0
2023-10-19,558.0,704.0,119.04000091552734,18.235200881958008,24.73553466796875,557.0
2023-10-20,557.0,703.0,118.6500015258789,18.308500289916992,24.73553466796875,554.5
2023-10-23,554.5,701.0,118.44999694824219,18.201099395751953,24.73553466796875,553.0
2023-10-24,553.0,702.0,118.19000244140625,18.132299423217773,24.73553466796875,555.0
2023-10-25,555.0,827.0,118.4800033569336,18.259069442749023,24.73553466796875,559.0
2023-10-26,559.0,855.0,118.44999694824219,18.32740020751953,24.73553466796875,561.0
2023-10-27,561.0,866.0,118.55000305175781,18.136199951171875,24.73553466796875,555.0
2023-10-30,555.0,871.0,118.69999694824219,18.10548973083496,24.73553466796875,566.0
2023-10-31,566.0,871.0,118.91000366210938,18.048099517822266,24.73553466796875,565.0
2023-11-01,565.0,883.0,122.33000183105469,18.04669952392578,24.73553466796875,560.0
2023-11-02,560.0,882.0,125.56999969482422,17.76235008239746,24.73553466796875,559.5
2023-11-03,559.5,873.0,126.1500015258789,17.527000427246094,24.73553466796875,562.0
2023-11-06,562.0,890.0,126.62999725341797,17.472129821777344,24.73553466796875,567.0
2023-11-07,567.0,885.0,125.94999694824219,17.53529930114746,24.73553466796875,569.0
2023-11-08,569.0,892.0,127.26000213623047,17.470199584960938,24.73553466796875,565.0
2023-11-09,565.0,889.0,127.37999725341797,17.52519989013672,24.73553466796875,567.0
2023-11-10,567.0,893.0,128.07000732421875,17.78936004638672,24.73553466796875,565.0
2023-11-13,565.0,895.0,128.33999633789062,17.656400680541992,24.73553466796875,569.0
2023-11-14,569.0,895.0,128.77999877929688,17.600099563598633,24.73553466796875,565.5
2023-11-15,565.5,890.0,129.25,17.332500457763672,24.73553466796875,566.0
2023-11-16,566.0,890.0,129.4199981689453,17.29616928100586,24.73553466796875,566.0
2023-11-17,566.0,890.0,128.9499969482422,17.225799560546875,24.73553466796875,566.0
2023-11-20,566.0,890.0,129.30999755859375,17.219680786132812,24.73553466796875,566.0
2023-11-21,566.0,890.0,129.5500030517578,17.110740661621094,24.73553466796875,570.0
2023-11-22,570.0,898.0,129.83999633789062,17.189599990844727,24.73553466796875,570.0
2023-11-23,570.0,898.0,129.83999633789062,17.1951904296875,24.73553466796875,569.5
2023-11-24,569.5,901.0,130.16000366210938,17.186500549316406,24.73553466796875,568.5
2023-11-27,568.5,900.0,130.4199981689453,17.113859176635742,24.73553466796875,568.5
2023-11-28,568.5,901.0,130.39999389648438,17.158599853515625,24.73553466796875,573.0
2023-11-29,573.0,1044.0,130.3800048828125,17.121000289916992,24.73553466796875,594.0
2023-11-30,594.0,1044.0,130.4600067138672,17.282800674438477,24.73553466796875,599.0
2023-12-01,599.0,1039.0,130.4600067138672,17.376300811767578,24.73553466796875,603.0
2023-12-04,603.0,1039.0,130.4600067138672,17.18876075744629,24.73553466796875,599.0
2023-12-05,599.0,1028.0,130.77000427246094,17.454099655151367,24.73553466796875,608.0
2023-12-06,608.0,1061.0,132.9199981689453,17.358299255371094,24.73553466796875,608.0
2023-12-07,608.0,1070.0,134.39999389648438,17.287460327148438,24.73553466796875,609.0
2023-12-08,609.0,1070.0,135.4499969482422,17.472049713134766,24.73553466796875,607.0
2023-12-11,607.0,1072.0,135.16000366210938,17.34709930419922,24.73553466796875,605.0
2023-12-12,605.0,1067.0,135.66000366210938,17.36989974975586,24.73553466796875,604.5
2023-12-13,604.5,1067.0,135.02999877929688,17.303760528564453,24.73553466796875,605.0
2023-12-14,605.0,1068.0,135.22000122070312,17.26226043701172,24.73553466796875,600.0
2023-12-15,600.0,1068.0,135.0800018310547,17.190380096435547,24.73553466796875,604.5
2023-12-18,604.5,1070.0,134.61000061035156,17.221200942993164,24.73553466796875,600.5
2023-12-19,600.5,1065.0,134.64999389648438,17.162700653076172,24.73553466796875,604.5
2023-12-20,604.5,1074.0,134.85000610351562,17.059799194335938,24.73553466796875,599.5
2023-12-21,599.5,1074.0,135.30999755859375,17.133169174194336,24.73553466796875,598.0
2023-12-22,598.0,1074.0,135.52000427246094,17.031269073486328,24.73553466796875,601.5
2023-12-27,601.5,1146.0,136.07000732421875,16.973600387573242,24.73553466796875,604.0
2023-12-28,604.0,1149.0,136.16000366210938,16.91360092163086,24.73553466796875,600.0
2023-12-29,600.0,1135.0,136.3699951171875,16.951200485229492,24.73553466796875,597.5
2024-01-02,597.5,1127.0,136.3699951171875,16.962509155273438,24.73553466796875,595.0
2024-01-03,595.0,1120.0,144.16000366210938,17.019399642944336,24.73553466796875,596.0
2024-01-04,596.0,1099.0,142.9499969482422,17.012149810791016,24.73553466796875,594.5
2024-01-05,594.5,1090.0,141.4499969482422,17.00860023498535,24.73553466796875,602.0
2024-01-08,602.0,1080.0,140.8699951171875,16.880939483642578,24.73553466796875,600.0
2024-01-09,600.0,1083.0,140.52000427246094,16.83370018005371,24.73553466796875,599.0
2024-01-10,599.0,1078.0,138.16000366210938,16.966659545898438,24.73553466796875,602.5
2024-01-11,602.5,1075.0,138.85000610351562,16.981660842895508,24.73553466796875,598.0
2024-01-12,598.0,1076.0,137.22000122070312,16.901559829711914,24.73553466796875,601.0
2024-01-15,601.0,1076.0,137.22000122070312,16.869070053100586,24.73553466796875,599.5
2024-01-16,599.5,1073.0,136.75,16.88479995727539,24.73553466796875,605.0
2024-01-17,605.0,1070.0,135.7899932861328,17.197900772094727,24.73553466796875,605.5
2024-01-18,605.5,1070.0,136.0800018310547,17.19260025024414,24.73553466796875,602.0
2024-01-19,602.0,1070.0,135.8800048828125,17.168359756469727,24.73553466796875,606.0
2024-01-22,606.0,1070.0,135.4199981689453,17.093149185180664,24.73553466796875,610.0
2024-01-23,610.0,1070.0,135.47999572753906,17.174699783325195,24.73553466796875,613.0
2024-01-24,613.0,1083.0,135.49000549316406,17.306060791015625,24.73553466796875,610.0
2024-01-25,610.0,1077.0,135.5399932861328,17.234159469604492,24.499866485595703,608.5
2024-01-26,608.5,1077.0,135.5500030517578,17.18950080871582,24.606897354125977,613.0
2024-01-29,613.0,1077.0,135.5500030517578,17.16861915588379,24.77873992919922,608.5
2024-01-30,608.5,1079.0,135.61000061035156,17.219560623168945,24.772850036621094,620.0
2024-01-31,620.0,963.0,135.1300048828125,17.1527099609375,24.64028549194336,619.5
2024-02-01,619.5,970.0,132.6699981689453,17.217529296875,24.84551429748535,615.0
2024-02-02,615.0,967.0,128.6300048828125,17.0674991607666,24.499866485595703,616.0
2024-02-05,616.0,967.0,128.94000244140625,17.15069007873535,23.79285430908203,613.5
2024-02-06,613.5,969.0,127.38999938964844,17.109100341796875,23.449169158935547,610.0
2024-02-07,610.0,953.0,127.02999877929688,17.027999877929688,23.389270782470703,613.0
2024-02-08,613.0,945.0,129.07000732421875,17.045400619506836,23.449169158935547,606.5
2024-02-09,606.5,945.0,128.75,17.13170051574707,23.17913055419922,607.0
2024-02-12,607.0,933.0,128.8699951171875,17.075429916381836,23.365703582763672,608.0
2024-02-13,608.0,933.0,129.02000427246094,17.067760467529297,23.051475524902344,606.5
2024-02-14,606.5,926.0,129.10000610351562,17.202009201049805,23.295001983642578,605.5
2024-02-15,605.5,929.0,129.1699981689453,17.075199127197266,22.977828979492188,609.5
2024-02-16,609.5,929.0,129.2899932861328,17.040170669555664,22.869813919067383,608.5
2024-02-19,608.5,929.0,129.2899932861328,17.042930603027344,22.869813919067383,607.0
2024-02-20,607.0,925.0,127.91999816894531,17.03420066833496,22.359195709228516,606.5
2024-02-21,606.5,922.0,127.30000305175781,17.059799194335938,22.5487117767334,605.0
2024-02-22,605.0,922.0,127.81999969482422,17.033100128173828,22.93855094909668,610.0
2024-02-23,610.0,922.0,126.8499984741211,17.10733985900879,22.87668800354004,605.5
2024-02-26,605.5,922.0,126.11000061035156,17.113929748535156,23.091737747192383,607.0
2024-02-27,607.0,922.0,125.83999633789062,17.08169937133789,23.11235809326172,605.0
2024-02-28,605.0,801.0,125.36000061035156,17.066959381103516,22.347412109375,589.0
2024-02-29,589.0,795.0,124.86000061035156,17.087299346923828,22.63021469116211,585.0
2024-03-01,585.0,790.0,113.88999938964844,17.050060272216797,23.152616500854492,578.5
2024-03-04,578.5,789.0,116.94000244140625,17.009370803833008,23.15458106994629,569.0
2024-03-05,569.0,785.0,116.20999908447266,16.95507049560547,23.233139038085938,580.5
2024-03-06,580.5,802.0,116.95999908447266,16.932100296020508,23.631813049316406,577.0
2024-03-07,577.0,813.0,117.95999908447266,16.867799758911133,24.013795852661133,578.5
2024-03-08,578.5,814.0,117.05000305175781,16.864700317382812,23.8144588470459,574.0
2024-03-11,574.0,808.0,113.0,16.803619384765625,23.147706985473633,574.0
2024-03-12,574.0,800.0,113.1500015258789,16.798969268798828,22.35624885559082,580.5
2024-03-13,580.5,787.0,111.7699966430664,16.784299850463867,22.26099967956543,574.0
2024-03-14,574.0,793.0,110.94000244140625,16.669330596923828,21.78965950012207,576.5
2024-03-15,576.5,792.0,109.61000061035156,16.701860427856445,21.715030670166016,573.0
2024-03-18,573.0,799.0,110.47000122070312,16.720399856567383,21.74056053161621,582.0
2024-03-19,582.0,795.0,110.70999908447266,16.830860137939453,22.074426651000977,583.5
2024-03-20,583.5,794.0,110.29000091552734,16.79990005493164,22.3709774017334,583.0
2024-03-21,583.0,794.0,110.94000244140625,16.667699813842773,22.4573917388916,583.0
2024-03-22,583.0,794.0,110.63999938964844,16.7268009185791,21.946773529052734,583.0
2024-03-25,583.0,789.0,110.66999816894531,16.75830078125,22.04496955871582,584.5
2024-03-26,584.5,789.0,110.27999877929688,16.670700073242188,21.862323760986328,588.5
2024-03-27,588.5,865.0,109.83999633789062,16.63159942626953,22.253145217895508,600.0
2024-03-28,600.0,860.0,109.52999877929688,16.55069923400879,22.49666976928711,596.0
2024-04-02,596.0,879.0,102.91000366210938,16.608800888061523,22.311079025268555,588.5
2024-04-03,588.5,860.0,100.41000366210938,16.54990005493164,22.430877685546875,585.0
2024-04-04,585.0,853.0,99.88999938964844,16.527000427246094,22.216812133789062,580.0
2024-04-05,580.0,853.0,99.97000122070312,16.573200225830078,22.076391220092773,581.0
2024-04-08,581.0,847.0,102.68000030517578,16.45199966430664,22.377851486206055,580.5
2024-04-09,580.5,845.0,104.33000183105469,16.314300537109375,22.7706356048584,582.0
2024-04-10,582.0,845.0,104.0199966430664,16.383310317993164,22.869813919067383,580.5
2024-04-11,580.5,850.0,104.70999908447266,16.452499389648438,22.968008041381836,578.5
2024-04-12,578.5,845.0,106.05000305175781,16.42609977722168,22.834463119506836,584.0
2024-04-15,584.0,845.0,106.05000305175781,16.611080169677734,22.8374080657959,582.5
2024-04-16,582.5,845.0,106.06999969482422,16.694400787353516,23.105484008789062,578.5
2024-04-17,578.5,840.0,107.30000305175781,17.033340454101562,23.35097312927246,578.5
2024-04-18,578.5,840.0,107.94999694824219,16.956300735473633,23.208589553833008,579.0
2024-04-19,579.0,843.0,108.25,17.074960708618164,23.223318099975586,579.5
2024-04-22,579.5,843.0,108.62000274658203,17.091999053955078,23.084863662719727,581.0
2024-04-23,581.0,843.0,108.76000213623047,17.136980056762695,22.655746459960938,579.5
2024-04-24,579.5,810.0,109.2300033569336,16.949199676513672,22.686187744140625,579.5
2024-04-25,579.5,812.0,109.68000030517578,17.070100784301758,23.070133209228516,579.5
2024-04-26,579.5,821.0,110.16000366210938,17.201810836791992,23.339189529418945,587.0
2024-04-29,587.0,828.0,110.54000091552734,17.16404914855957,23.547365188598633,587.5
2024-04-30,587.5,813.0,110.91000366210938,17.011560440063477,22.968008041381836,583.5
2024-05-01,583.5,810.0,117.20999908447266,17.149919509887695,22.761798858642578,586.0
2024-05-02,586.0,810.0,118.08000183105469,16.928600311279297,23.064241409301758,584.0
2024-05-07,584.0,785.0,118.69000244140625,16.88334083557129,23.38141441345215,579.0
2024-05-08,579.0,780.0,116.58999633789062,16.90406036376953,23.227245330810547,576.0
2024-05-09,576.0,785.0,116.95999908447266,16.9160099029541,23.258670806884766,582.5
2024-05-10,582.5,780.0,116.93000030517578,16.779499053955078,23.095664978027344,585.0
2024-05-13,585.0,781.0,117.30999755859375,16.767200469970703,23.275362014770508,583.5
2024-05-14,583.5,783.0,116.6500015258789,16.783199310302734,23.238048553466797,582.5
2024-05-15,582.5,783.0,116.30000305175781,16.844160079956055,23.341154098510742,585.0
2024-05-16,585.0,786.0,116.8499984741211,16.681060791015625,23.24099349975586,582.5
2024-05-17,582.5,787.0,117.0199966430664,16.678159713745117,23.515941619873047,581.0
2024-05-20,581.0,789.0,117.23999786376953,16.586299896240234,23.951932907104492,580.0
2024-05-21,580.0,791.0,117.56999969482422,16.552570343017578,24.276960372924805,579.0
2024-05-22,579.0,789.0,117.63999938964844,16.606599807739258,23.983354568481445,575.0
2024-05-23,575.0,789.0,117.52999877929688,16.661630630493164,23.801692962646484,575.0
2024-05-24,575.0,789.0,117.66000366210938,16.730369567871094,23.999067306518555,576.0
2024-05-28,576.0,791.0,117.68000030517578,16.6623592376709,24.34275245666504,572.5
2024-05-29,572.5,779.0,117.73999786376953,16.781400680541992,23.97157096862793,580.0
2024-05-30,580.0,772.0,117.62000274658203,17.017580032348633,24.021650314331055,573.0
2024-05-31,573.0,761.0,117.5199966430664,17.00581932067871,24.522449493408203,572.0
2024-06-03,572.0,751.0,110.0999984741211,16.97260093688965,24.9918270111084,572.5
2024-06-04,572.5,741.0,107.69000244140625,17.700429916381836,24.041290283203125,572.5
2024-06-05,572.5,742.0,107.0199966430664,17.81191062927246,24.01870346069336,570.0
2024-06-06,570.0,730.0,108.5,17.50349998474121,24.29365348815918,575.5
2024-06-07,575.5,728.0,108.4800033569336,17.879959106445312,23.861591339111328,575.5
2024-06-10,575.5,725.0,107.37999725341797,18.325849533081055,23.85668182373047,572.5
2024-06-11,572.5,728.0,106.2699966430664,18.57221031188965,23.295001983642578,575.0
2024-06-12,575.0,733.0,106.41999816894531,18.58061981201172,23.402036666870117,575.5
2024-06-13,575.5,735.0,107.12000274658203,18.754140853881836,23.211536407470703,577.5
2024-06-14,577.5,735.0,107.33000183105469,18.415180206298828,23.076025009155273,576.0
2024-06-17,576.0,735.0,107.05000305175781,18.455799102783203,22.952299118041992,577.5
2024-06-18,577.5,732.0,107.11000061035156,18.52090072631836,23.13690757751465,575.5
2024-06-19,575.5,732.0,107.11000061035156,18.399099349975586,23.13690757751465,575.0
2024-06-20,575.0,725.0,107.1500015258789,18.427440643310547,23.331335067749023,573.0
2024-06-21,573.0,721.0,106.95999908447266,18.34238052368164,23.110393524169922,572.5
2024-06-24,572.5,717.0,106.55000305175781,18.129789352416992,23.223318099975586,572.5
2024-06-25,572.5,717.0,106.45999908447266,17.944719314575195,22.864904403686523,578.5
2024-06-26,578.5,675.0,106.55999755859375,18.111299514770508,22.950334548950195,577.0
2024-06-27,577.0,676.0,106.51000213623047,18.301000595092773,23.026927947998047,585.5
2024-06-28,585.5,674.0,106.51000213623047,18.42976951599121,23.39025115966797,578.5
2024-07-01,578.5,674.0,108.0,18.265300750732422,24.863189697265625,581.0
2024-07-02,581.0,670.0,110.31999969482422,18.36639976501465,24.955493927001953,583.0
2024-07-03,583.0,669.0,113.05999755859375,18.252199172973633,25.486732482910156,584.0
2024-07-04,584.0,669.0,113.05999755859375,18.174360275268555,25.486732482910156,579.5
2024-07-05,579.5,675.0,111.30999755859375,18.080400466918945,25.274629592895508,576.5
2024-07-08,576.5,673.0,110.0199966430664,18.088279724121094,25.252044677734375,577.5
2024-07-09,577.5,670.0,110.51000213623047,17.973600387573242,25.183307647705078,575.5
2024-07-10,575.5,669.0,108.73999786376953,17.895339965820312,25.000661849975586,575.0
2024-07-11,575.0,666.0,109.58000183105469,17.836530685424805,25.001646041870117,575.5
2024-07-12,575.5,665.0,109.58000183105469,17.753259658813477,25.285430908203125,573.5
2024-07-15,573.5,662.0,109.66999816894531,17.69873046875,25.46218490600586,573.0
2024-07-16,573.0,660.0,109.38999938964844,17.71579933166504,25.418977737426758,573.0
2024-07-17,573.0,659.0,108.94000244140625,17.650419235229492,24.905414581298828,571.0
2024-07-18,571.0,659.0,108.7300033569336,17.720199584960938,24.589223861694336,575.0
2024-07-19,575.0,657.0,108.44999694824219,17.958499908447266,24.09726333618164,574.5
2024-07-22,574.5,657.0,108.16000366210938,17.970619201660156,24.093334197998047,570.0
2024-07-23,570.0,655.0,107.79000091552734,17.930599212646484,23.854717254638672,573.0
2024-07-24,573.0,658.0,107.47000122070312,18.163150787353516,23.62592124938965,577.0
2024-07-25,577.0,664.0,107.13999938964844,18.360319137573242,23.483539581298828,577.5
2024-07-26,577.5,664.0,106.86000061035156,18.439899444580078,23.70742416381836,579.0
2024-07-29,579.0,664.0,106.58999633789062,18.42729949951172,23.493356704711914,574.5
2024-07-30,574.5,666.0,106.25,18.640899658203125,23.26848793029785,577.5
2024-07-31,577.5,704.0,105.94000244140625,18.75279998779297,23.883195877075195,571.5
2024-08-01,571.5,688.0,102.83000183105469,18.640039443969727,23.152616500854492,570.0
2024-08-02,570.0,681.0,104.0,18.923799514770508,22.734304428100586,572.5
2024-08-05,572.5,687.0,104.18000030517578,19.528430938720703,21.819116592407227,574.5
2024-08-06,574.5,685.0,102.86000061035156,19.19502067565918,21.90945816040039,571.0
2024-08-07,571.0,684.0,101.70999908447266,19.58378028869629,21.960519790649414,571.0
2024-08-08,571.0,678.0,100.75,19.33470916748047,22.243324279785156,570.5
2024-08-09,570.5,680.0,101.26000213623047,18.86026954650879,22.499614715576172,574.0
2024-08-12,574.0,678.0,100.66999816894531,18.822189331054688,22.581117630004883,571.5
2024-08-13,571.5,676.0,100.44000244140625,19.059799194335938,22.85213851928711,570.0
2024-08-14,570.0,660.0,99.19999694824219,18.998079299926758,22.172622680664062,571.5
2024-08-15,571.5,660.0,98.55000305175781,18.81170082092285,22.07344627380371,565.5
2024-08-16,565.5,656.0,97.80999755859375,18.636199951171875,22.32678985595703,568.5
2024-08-19,568.5,662.0,98.0999984741211,18.6258602142334,22.469175338745117,569.5
2024-08-20,569.5,662.0,97.98999786376953,18.665109634399414,21.603086471557617,569.0
2024-08-21,569.0,672.0,98.37999725341797,19.009849548339844,21.839738845825195,568.0
2024-08-22,568.0,672.0,98.19000244140625,19.277130126953125,21.580501556396484,562.5
2024-08-23,562.5,672.0,98.05000305175781,19.49020004272461,21.706192016601562,568.0
2024-08-27,568.0,671.0,98.44999694824219,19.374500274658203,21.56871795654297,568.0
2024-08-28,568.0,730.0,98.51000213623047,19.77079963684082,21.417497634887695,570.5
2024-08-29,570.5,725.0,98.62999725341797,19.664400100708008,21.58835792541504,568.5
2024-08-30,568.5,714.0,98.69999694824219,19.834199905395508,21.665931701660156,569.0
2024-09-02,569.0,714.0,98.69999694824219,19.699800491333008,21.665931701660156,569.0
2024-09-03,569.0,700.0,100.55000305175781,19.83639907836914,20.84305191040039,573.0
2024-09-04,573.0,689.0,92.93000030517578,19.795400619506836,20.398223876953125,574.5
2024-09-05,574.5,699.0,91.30000305175781,19.948749542236328,19.994638442993164,575.5
2024-09-06,575.5,700.0,91.61000061035156,19.881380081176758,19.34458351135254,575.5
2024-09-09,575.5,700.0,91.76000213623047,19.940200805664062,19.440814971923828,575.0
2024-09-10,575.0,700.0,91.27999877929688,19.89137077331543,19.24736785888672,578.5
2024-09-11,578.5,700.0,92.30000305175781,20.08941078186035,19.351457595825195,577.0
2024-09-12,577.0,698.0,93.05999755859375,19.795900344848633,19.888587951660156,580.0
2024-09-13,580.0,698.0,92.26000213623047,19.52079963684082,20.253875732421875,580.5
2024-09-16,580.5,698.0,91.94000244140625,19.15220069885254,20.26664161682129,577.0
2024-09-17,577.0,700.0,91.9800033569336,19.20560073852539,20.13505744934082,577.0
2024-09-18,577.0,703.0,91.56999969482422,19.115530014038086,20.17433738708496,578.0
2024-09-19,578.0,705.0,92.02999877929688,19.243270874023438,20.82733917236328,577.0
2024-09-20,577.0,704.0,91.93000030517578,19.299999237060547,20.767440795898438,578.0
2024-09-23,578.0,704.0,91.5999984741211,19.37656021118164,21.07282829284668,578.0
2024-09-24,578.0,704.0,91.87999725341797,19.4153995513916,21.926151275634766,579.0
2024-09-25,579.0,726.0,92.25,19.30820083618164,21.97230339050293,582.0
2024-09-26,582.0,735.0,92.54000091552734,19.636600494384766,22.776527404785156,581.0
2024-09-27,581.0,734.0,92.9800033569336,19.61591911315918,23.1251220703125,595.0
2024-09-30,595.0,735.0,93.83000183105469,19.63050079345703,23.35980987548828,589.0
2024-10-01,589.0,727.0,108.73999786376953,19.66360092163086,23.16440200805664,586.0
2024-10-02,586.0,715.0,109.29000091552734,19.626440048217773,23.07897186279297,599.0
2024-10-03,599.0,724.0,108.30999755859375,19.408199310302734,22.830535888671875,605.5
2024-10-04,605.5,724.0,108.83999633789062,19.335500717163086,23.10057258605957,609.0
2024-10-07,609.0,721.0,112.38999938964844,19.27667999267578,23.478628158569336,599.0
2024-10-08,599.0,711.0,106.30000305175781,19.289670944213867,22.761798858642578,599.5
2024-10-09,599.5,700.0,106.52999877929688,19.345399856567383,22.63414192199707,599.5
2024-10-10,599.5,701.0,105.80999755859375,19.467449188232422,23.031837463378906,595.5
2024-10-11,595.5,705.0,106.44000244140625,19.438400268554688,23.271434783935547,595.0
2024-10-14,595.0,698.0,107.11000061035156,19.29953956604004,23.2370662689209,595.5
2024-10-15,595.5,698.0,106.62999725341797,19.425949096679688,22.908109664916992,593.0
2024-10-16,593.0,705.0,106.19999694824219,19.695100784301758,22.985685348510742,592.5
2024-10-17,592.5,705.0,105.36000061035156,19.898700714111328,22.497650146484375,592.5
2024-10-18,592.5,705.0,105.37000274658203,19.816810607910156,22.461318969726562,592.5
2024-10-21,592.5,705.0,105.2300033569336,19.868560791015625,22.201099395751953,589.5
2024-10-22,589.5,705.0,104.94000244140625,19.960800170898438,22.486848831176758,588.0
2024-10-23,588.0,704.0,104.62000274658203,19.936199188232422,22.019437789916992,592.5
2024-10-24,592.5,704.0,104.4000015258789,19.832460403442383,22.151020050048828,595.5
2024-10-25,595.5,704.0,104.2300033569336,19.814199447631836,22.32384490966797,595.0
2024-10-28,595.0,710.0,104.1500015258789,19.946569442749023,22.72350311279297,593.5
2024-10-29,593.5,709.0,104.08999633789062,20.02873992919922,22.540857315063477,592.0
2024-10-30,592.0,701.0,104.08000183105469,20.05377960205078,22.3709774017334,595.0
2024-10-31,595.0,715.0,104.08000183105469,20.1639404296875,22.740196228027344,594.0
2024-11-01,594.0,714.0,102.48999786376953,20.050689697265625,22.646909713745117,596.0
2024-11-04,596.0,702.0,103.91000366210938,20.081819534301758,22.71564483642578,597.5
2024-11-05,597.5,702.0,105.08999633789062,20.093900680541992,23.311695098876953,596.5
2024-11-06,596.5,706.0,104.01000213623047,20.13159942626953,24.140466690063477,594.0
2024-11-07,594.0,707.0,105.22000122070312,20.167009353637695,24.602970123291016,590.0
2024-11-08,590.0,707.0,103.81999969482422,19.793569564819336,24.09627914428711,585.0
2024-11-11,585.0,698.0,103.0999984741211,20.13759994506836,23.920509338378906,588.0
2024-11-12,588.0,697.0,102.95999908447266,20.339500427246094,23.189931869506836,586.5
2024-11-13,586.5,685.0,102.87999725341797,20.582700729370117,23.229209899902344,587.0
2024-11-14,587.0,692.0,102.22000122070312,20.518400192260742,23.072097778320312,586.0
2024-11-15,586.0,691.0,101.62999725341797,20.438600540161133,22.88945198059082,581.5
2024-11-18,581.5,691.0,101.76000213623047,20.356170654296875,23.458988189697266,581.0
2024-11-19,581.0,686.0,101.88999938964844,20.213289260864258,23.517906188964844,577.0
2024-11-20,577.0,680.0,101.94999694824219,20.10972023010254,23.614137649536133,578.5
2024-11-21,578.5,680.0,102.0199966430664,20.274620056152344,24.103153228759766,578.5
2024-11-22,578.5,680.0,101.94999694824219,20.414119720458984,24.02852439880371,578.5
2024-11-25,578.5,676.0,102.01000213623047,20.350839614868164,23.82231330871582,576.5
2024-11-26,576.5,677.0,102.05999755859375,20.580469131469727,23.588605880737305,576.5
2024-11-27,576.5,702.0,102.16999816894531,20.65250015258789,23.685821533203125,576.5
2024-11-28,576.5,702.0,102.16999816894531,20.598169326782227,23.685821533203125,563.0
2024-11-29,563.0,700.0,102.44000244140625,20.436199188232422,23.547365188598633,566.0
2024-12-02,566.0,700.0,105.31999969482422,20.378610610961914,23.341154098510742,566.5
2024-12-03,566.5,690.0,106.08000183105469,20.40690040588379,23.29401969909668,563.0
2024-12-04,563.0,686.0,106.29000091552734,20.30389976501465,23.06718635559082,563.5
2024-12-05,563.5,689.0,106.29000091552734,20.308639526367188,22.952299118041992,563.0
2024-12-06,563.0,689.0,104.11000061035156,20.19179916381836,22.343482971191406,561.0
2024-12-09,561.0,675.0,106.33999633789062,20.170900344848633,22.577190399169922,558.5
2024-12-10,558.5,675.0,105.62999725341797,20.245899200439453,22.560497283935547,557.0
2024-12-11,557.0,677.0,105.5199966430664,20.1607608795166,22.60173988342285,564.0
2024-12-12,564.0,675.0,105.48999786376953,20.114200592041016,22.518272399902344,561.0
2024-12-13,561.0,675.0,105.30999755859375,20.191099166870117,22.27965545654297,567.0
2024-12-16,567.0,675.0,105.41000366210938,20.105419158935547,21.897674560546875,565.5
2024-12-17,565.5,675.0,105.58000183105469,20.133819580078125,21.644329071044922,565.5
2024-12-18,565.5,680.0,104.7300033569336,20.173749923706055,20.987398147583008,563.0
2024-12-19,563.0,679.0,104.08000183105469,20.37470054626465,20.78511619567871,565.5
2024-12-20,565.5,679.0,103.83999633789062,20.333999633789062,20.598543167114258,563.5
2024-12-23,563.5,683.0,103.83999633789062,20.063430786132812,20.576940536499023,564.0
2024-12-24,564.0,681.0,104.08000183105469,20.169300079345703,20.58381462097168,564.0
2024-12-27,564.0,730.0,103.9000015258789,20.20479965209961,20.355998992919922,564.0
2024-12-30,564.0,725.0,103.77999877929688,20.313169479370117,20.621999740600586,570.0
2024-12-31,570.0,709.0,103.61000061035156,20.632200241088867,20.775999069213867,574.0
2025-01-02,574.0,708.0,100.61000061035156,20.83024024963379,20.892000198364258,569.5
2025-01-03,569.5,708.0,99.44000244140625,20.592899322509766,20.836999893188477,566.0
2025-01-06,566.0,718.0,99.44000244140625,20.620149612426758,20.579999923706055,561.5
2025-01-07,561.5,710.0,97.83999633789062,20.32080078125,20.37700080871582,560.0
2025-01-08,560.0,702.0,97.73999786376953,20.32733917236328,20.195999145507812,561.0
2025-01-09,561.0,702.0,98.08999633789062,20.410959243774414,20.195999145507812,560.0
2025-01-10,560.0,704.0,98.08999633789062,20.506359100341797,19.700000762939453,556.5
2025-01-13,556.5,705.0,98.72000122070312,20.70178985595703,20.06599998474121,558.5
2025-01-14,558.5,707.0,99.98999786376953,20.61046028137207,20.31800079345703,560.0
2025-01-15,560.0,699.0,100.19999694824219,20.503999710083008,20.5,560.0
2025-01-16,560.0,696.0,100.48999786376953,20.455310821533203,20.29800033569336,556.0
2025-01-17,556.0,695.0,101.20999908447266,20.83272933959961,20.496999740600586,559.0
2025-01-20,559.0,695.0,101.20999908447266,20.791290283203125,20.496999740600586,555.5
2025-01-21,555.5,691.0,101.20999908447266,20.49724006652832,20.950000762939453,557.0
2025-01-22,557.0,688.0,101.4000015258789,20.66119956970215,20.489999771118164,558.0
2025-01-23,558.0,688.0,101.33999633789062,20.48710060119629,20.665000915527344,558.0
2025-01-24,558.0,688.0,101.33999633789062,20.37883949279785,20.674999237060547,559.0
2025-01-27,559.0,689.0,101.33999633789062,20.436969757080078,20.155000686645508,559.5
2025-01-28,559.5,689.0,101.30000305175781,20.7283992767334,19.6200008392334,559.5
2025-01-29,559.5,735.0,101.33000183105469,20.540000915527344,19.83099937438965,557.0
2025-01-30,557.0,732.0,101.33000183105469,20.501800537109375,19.892000198364258,576.5
2025-01-31,576.5,740.0,101.58999633789062,20.674470901489258,19.757999420166016,569.0
2025-02-03,569.0,742.0,105.0199966430664,21.16939926147461,19.673999786376953,571.0
2025-02-04,571.0,735.0,105.4000015258789,20.385129928588867,20.03499984741211,564.0
2025-02-05,564.0,742.0,104.80999755859375,20.512420654296875,20.08099937438965,569.0
2025-02-06,569.0,740.0,106.2300033569336,20.573720932006836,19.805999755859375,566.5
2025-02-07,566.5,755.0,106.37000274658203,20.44339942932129,19.503000259399414,569.0
2025-02-10,569.0,759.0,106.97000122070312,20.600309371948242,19.60700035095215,568.5
2025-02-11,568.5,760.0,106.31999969482422,20.624610900878906,19.479000091552734,567.5
2025-02-12,567.5,765.0,107.26000213623047,20.546720504760742,19.17099952697754,568.5
2025-02-13,568.5,767.0,106.7699966430664,20.543489456176758,19.44300079345703,568.0
2025-02-14,568.0,768.0,106.83000183105469,20.415189743041992,18.952999114990234,568.5
2025-02-17,568.5,768.0,106.83000183105469,20.312389373779297,18.952999114990234,568.5
2025-02-18,568.5,773.0,106.73999786376953,20.272600173950195,18.809999465942383,568.0
2025-02-19,568.0,777.0,106.76000213623047,20.23780059814453,18.344999313354492,568.5
2025-02-20,568.5,779.0,107.0,20.45240020751953,18.81999969482422,568.5
2025-02-21,568.5,778.0,107.12999725341797,20.29400062561035,18.427000045776367,568.0
2025-02-24,568.0,779.0,107.19000244140625,20.382829666137695,18.510000228881836,568.5
2025-02-25,568.5,779.0,107.16999816894531,20.48111915588379,18.360000610351562,566.5
2025-02-26,566.5,907.0,107.1500015258789,20.457509994506836,18.235000610351562,564.0
2025-02-27,564.0,905.0,107.06999969482422,20.394800186157227,17.93000030517578,573.5
2025-02-28,573.5,912.0,106.9000015258789,20.457599639892578,17.674999237060547,573.5
2025-03-03,573.5,914.0,100.80999755859375,20.514450073242188,17.538000106811523,571.5
2025-03-04,571.5,914.0,101.61000061035156,20.72570037841797,17.527000427246094,572.0
2025-03-05,572.0,926.0,100.72000122070312,20.530500411987305,17.77899932861328,572.5
2025-03-06,572.5,922.0,101.23999786376953,20.402780532836914,17.54599952697754,572.5
2025-03-07,572.5,925.0,101.29000091552734,20.27794075012207,17.448999404907227,572.5
2025-03-10,572.5,925.0,100.98999786376953,20.26021957397461,17.534000396728516,572.5
2025-03-11,572.5,927.0,101.05000305175781,20.35137939453125,18.17300033569336,572.5
2025-03-12,572.5,944.0,101.44000244140625,20.270299911499023,17.739999771118164,572.5
2025-03-13,572.5,940.0,102.16000366210938,20.17443084716797,17.597000122070312,576.0
2025-03-14,576.0,939.0,102.8499984741211,20.082849502563477,17.934999465942383,574.0
2025-03-17,574.0,940.0,102.31999969482422,19.92527961730957,17.89299964904785,574.0
2025-03-18,574.0,940.0,102.41999816894531,19.95507049560547,18.110000610351562,573.5
2025-03-19,573.5,937.0,102.11000061035156,19.904159545898438,18.014999389648438,575.0
2025-03-20,575.0,938.0,102.1500015258789,20.0231990814209,17.850000381469727,573.5
2025-03-21,573.5,937.0,102.0,20.127500534057617,17.562999725341797,573.5
2025-03-24,573.5,934.0,102.20999908447266,20.21017074584961,17.716999053955078,573.5
2025-03-25,573.5,934.0,102.18000030517578,20.037870407104492,17.780000686645508,573.5
2025-03-26,573.5,905.0,102.25,20.031999588012695,17.68899917602539,573.5
2025-03-27,573.5,890.0,102.36000061035156,20.257049560546875,17.84000015258789,573.0
2025-03-28,573.0,890.0,102.43000030517578,20.281999588012695,17.524999618530273,574.5
2025-03-31,574.5,890.0,102.51000213623047,20.380090713500977,17.291000366210938,572.0
2025-04-01,572.0,895.0,102.20999908447266,20.474029541015625,17.336999893188477,571.0
2025-04-02,571.0,915.0,104.25,20.328340530395508,17.15999984741211,571.0
2025-04-03,571.0,913.0,104.18000030517578,20.25830078125,16.292999267578125,565.5
2025-04-04,565.5,932.0,102.63999938964844,19.93221092224121,14.937999725341797,566.5
2025-04-07,566.5,930.0,100.8499984741211,20.621700286865234,14.708999633789062,560.0
2025-04-08,560.0,920.0,99.25,20.696550369262695,15.170000076293945,561.5
2025-04-09,561.5,920.0,99.05000305175781,20.836240768432617,16.149999618530273,561.5
2025-04-10,561.5,930.0,99.88999938964844,20.33354949951172,15.760000228881836,565.0
2025-04-11,565.0,938.0,99.94999694824219,20.594459533691406,16.3799991607666,567.0
2025-04-14,567.0,938.0,100.08000183105469,20.276779174804688,16.601999282836914,566.5
2025-04-15,566.5,939.0,100.19000244140625,20.07990074157715,16.610000610351562,566.5
2025-04-16,566.5,940.0,100.08000183105469,20.125429153442383,16.583999633789062,566.5
2025-04-17,566.5,940.0,100.05000305175781,19.915300369262695,17.0,559.0
2025-04-22,559.0,940.0,99.87999725341797,19.70330047607422,16.959999084472656,553.0
2025-04-23,553.0,942.0,100.08999633789062,19.615190505981445,17.05299949645996,550.0
2025-04-24,550.0,944.0,99.9800033569336,19.624399185180664,17.559999465942383,554.5
2025-04-25,554.5,944.0,99.91999816894531,19.600000381469727,17.292999267578125,554.5
2025-04-28,554.5,944.0,99.91000366210938,19.535160064697266,17.356000900268555,554.5
2025-04-29,554.5,944.0,99.86000061035156,19.57309913635254,17.415000915527344,539.0
2025-04-30,539.0,866.0,99.76000213623047,19.540199279785156,16.920000076293945,539.5
2025-05-01,539.5,867.0,99.25,19.589000701904297,16.93000030517578,539.5
2025-05-02,539.5,874.0,98.19000244140625,19.600889205932617,17.389999389648438,542.0
2025-05-06,542.0,872.0,98.62999725341797,19.673200607299805,17.329999923706055,541.5
2025-05-07,541.5,890.0,99.33000183105469,19.644620895385742,17.190000534057617,541.5
2025-05-08,541.5,890.0,98.2300033569336,19.60308074951172,17.038999557495117,539.0
2025-05-09,539.0,890.0,98.55000305175781,19.518699645996094,16.731000900268555,544.5
2025-05-12,544.5,890.0,99.75,19.441640853881836,17.010000228881836,544.5
2025-05-13,544.5,885.0,99.51000213623047,19.60740089416504,17.709999084472656,550.5
2025-05-14,550.5,891.0,100.75,19.39310073852539,17.420000076293945,548.5
2025-05-15,548.5,900.0,100.41999816894531,19.383060455322266,17.34000015258789,549.0
2025-05-16,549.0,895.0,100.08000183105469,19.471399307250977,17.41699981689453,549.5
2025-05-19,549.5,895.0,100.0,19.451169967651367,17.23200035095215,547.5
2025-05-20,547.5,893.0,100.05000305175781,19.284900665283203,17.190000534057617,550.5
2025-05-21,550.5,903.0,100.05000305175781,19.269319534301758,17.100000381469727,550.5
2025-05-22,550.5,903.0,99.88999938964844,19.36680030822754,16.850000381469727,550.5
2025-05-23,550.5,903.0,99.80999755859375,19.32110023498535,16.924999237060547,550.5
2025-05-27,550.5,903.0,99.4800033569336,19.245559692382812,17.378999710083008,550.5
2025-05-28,550.5,835.0,99.38999938964844,19.252700805664062,17.295000076293945,550.5
2025-05-29,550.5,842.0,99.2699966430664,19.385150909423828,17.1299991607666,549.5
2025-05-30,549.5,840.0,99.12000274658203,19.300100326538086,16.865999221801758,549.5
2025-06-02,549.5,893.0,95.94999694824219,19.422500610351562,16.958999633789062,543.5
2025-06-03,543.5,870.0,95.30000305175781,19.19219970703125,16.926000595092773,546.0
2025-06-04,546.0,872.0,96.26000213623047,19.224300384521484,17.18000030517578,549.5
2025-06-05,549.5,878.0,95.69999694824219,19.199350357055664,17.05699920654297,546.0
2025-06-06,546.0,878.0,96.18000030517578,19.151159286499023,17.263999938964844,546.0
2025-06-09,546.0,881.0,95.62000274658203,19.09762954711914,17.43899917602539,549.5
2025-06-10,549.5,883.0,95.47000122070312,19.037799835205078,17.44099998474121,541.0
2025-06-11,541.0,862.0,95.77999877929688,19.058759689331055,17.43000030517578,541.5
2025-06-12,541.5,862.0,95.45999908447266,18.897050857543945,17.36199951171875,541.5
2025-06-13,541.5,862.0,95.37999725341797,18.883209228515625,17.280000686645508,540.5
2025-06-16,540.5,864.0,95.2300033569336,18.947799682617188,17.479999542236328,540.5
2025-06-17,540.5,864.0,94.86000061035156,18.923349380493164,17.4689998626709,540.5
2025-06-18,540.5,870.0,94.70999908447266,19.019420623779297,17.65399932861328,540.5
2025-06-19,540.5,870.0,94.70999908447266,19.00749969482422,17.65399932861328,540.5
2025-06-20,540.5,872.0,94.7699966430664,19.02050018310547,17.149999618530273,540.5
2025-06-23,540.5,872.0,94.75,19.210100173950195,17.040000915527344,540.5
2025-06-24,540.5,872.0,94.62999725341797,19.071199417114258,16.90999984741211,540.5
2025-06-25,540.5,889.0,94.5199966430664,18.99176025390625,16.649999618530273,541.5
2025-06-26,541.5,885.0,94.4800033569336,18.89859962463379,16.906999588012695,541.5
2025-06-27,541.5,883.0,94.48999786376953,18.87881088256836,17.09600067138672,536.0
2025-06-30,536.0,880.0,94.47000122070312,18.7992000579834,17.440000534057617,537.5
2025-07-01,537.5,883.0,93.41000366210938,18.738000869750977,17.27400016784668,539.5
2025-07-02,539.5,885.0,95.12999725341797,18.737899780273438,18.156999588012695,539.5
2025-07-03,539.5,885.0,96.23999786376953,18.763700485229492,18.549999237060547,539.5
2025-07-04,539.5,885.0,96.23999786376953,18.645910263061523,18.549999237060547,536.0
2025-07-07,536.0,879.0,95.22000122070312,18.60633087158203,18.198999404907227,539.5
2025-07-08,539.5,890.0,95.55000305175781,18.643329620361328,18.209999084472656,539.5
2025-07-09,539.5,882.0,95.31999969482422,18.612340927124023,18.1200008392334,535.5
2025-07-10,535.5,882.0,96.76000213623047,18.623769760131836,18.90999984741211,536.0
2025-07-11,536.0,877.0,96.70999908447266,18.601259231567383,19.211000442504883,535.0
2025-07-14,535.0,881.0,96.76000213623047,18.65760040283203,19.200000762939453,535.5
2025-07-15,535.5,881.0,96.5,18.748369216918945,19.170000076293945,535.5
2025-07-16,535.5,873.0,97.05999755859375,18.80171012878418,19.073999404907227,535.5
2025-07-17,535.5,875.0,97.18000030517578,18.718759536743164,19.496000289916992,539.5
2025-07-18,539.5,875.0,97.22000122070312,18.752620697021484,19.3799991607666,539.5
2025-07-21,539.5,874.0,97.83999633789062,18.705299377441406,19.840999603271484,539.5
2025-07-22,539.5,874.0,98.11000061035156,18.656099319458008,20.950000762939453,539.5
2025-07-23,539.5,876.0,98.2699966430664,18.643930435180664,21.266000747680664,536.0
2025-07-24,536.0,872.0,98.58000183105469,18.53668975830078,21.08300018310547,539.5
2025-07-25,539.5,871.0,98.55000305175781,18.538549423217773,20.76300048828125,539.5
2025-07-28,539.5,873.0,98.66999816894531,18.50309944152832,19.959999084472656,536.0
2025-07-29,536.0,875.0,98.9800033569336,18.746999740600586,19.933000564575195,539.5
2025-07-30,539.5,860.0,99.06999969482422,18.747159957885742,19.44099998474121,545.0
2025-07-31,545.0,842.0,99.12000274658203,18.842899322509766,19.148000717163086,545.0
2025-08-01,545.0,847.0,99.56999969482422,18.86471939086914,18.969999313354492,545.5
2025-08-04,545.5,855.0,100.7699966430664,18.868009567260742,19.670000076293945,544.0
2025-08-05,544.0,850.0,101.36000061035156,18.871400833129883,19.950000762939453,543.5
2025-08-06,543.5,843.0,100.91999816894531,18.733230590820312,19.889999389648438,544.5
2025-08-07,544.5,838.0,101.20999908447266,18.60154914855957,20.253999710083008,542.0
2025-08-08,542.0,835.0,101.22000122070312,18.60795021057129,20.8700008392334,542.0
2025-08-11,542.0,835.0,101.95999908447266,18.582210540771484,20.940000534057617,546.5
2025-08-12,546.5,834.0,102.41000366210938,18.656200408935547,21.53499984741211,542.0
2025-08-13,542.0,833.0,102.02999877929688,18.572799682617188,21.531999588012695,540.5
2025-08-14,540.5,831.0,101.83000183105469,18.619300842285156,21.118999481201172,541.0
2025-08-15,541.0,832.0,101.58999633789062,18.801259994506836,20.625999450683594,541.0
2025-08-18,541.0,832.0,101.62000274658203,18.72348976135254,20.139999389648438,546.5
2025-08-19,546.5,832.0,101.56999969482422,18.765499114990234,19.86199951171875,540.5
2025-08-20,540.5,834.0,101.5199966430664,18.818700790405273,19.496000289916992,540.0
2025-08-21,540.0,831.0,101.56999969482422,18.768699645996094,19.631000518798828,540.0
2025-08-22,540.0,832.0,101.41999816894531,18.736299514770508,20.158000946044922,540.0
2025-08-26,540.0,831.0,101.52999877929688,18.683229446411133,20.482999801635742,540.0
2025-08-27,540.0,813.0,101.58999633789062,18.6585693359375,20.402000427246094,540.0
2025-08-28,540.0,810.0,101.70999908447266,18.651199340820312,20.27199935913086,541.5
2025-08-29,541.5,793.0,101.80999755859375,18.650239944458008,20.474000930786133,541.5
2025-09-01,541.5,793.0,101.80999755859375,18.65846061706543,20.474000930786133,541.5
2025-09-02,541.5,795.0,102.52999877929688,18.648099899291992,20.099000930786133,540.5
2025-09-03,540.5,799.0,103.23999786376953,18.728700637817383,19.940000534057617,542.0
2025-09-04,542.0,800.0,104.52999877929688,18.706600189208984,19.969999313354492,536.5
2025-09-05,536.5,799.0,104.48999786376953,18.725799560546875,20.75,536.5
2025-09-08,536.5,808.0,104.93000030517578,18.726360321044922,20.38599967956543,540.5
2025-09-09,540.5,799.0,106.08000183105469,18.652870178222656,20.420000076293945,540.5
2025-09-10,540.5,805.0,105.80000305175781,18.62350082397461,20.34000015258789,540.5
2025-09-11,540.5,810.0,105.18000030517578,18.580799102783203,20.4060001373291,536.5
2025-09-12,536.5,808.0,105.43000030517578,18.45400047302246,20.239999771118164,540.5
2025-09-15,540.5,808.0,105.30999755859375,18.446989059448242,20.9950008392334,540.5
2025-09-16,540.5,810.0,105.41999816894531,18.361520767211914,21.389999389648438,536.5
2025-09-17,536.5,813.0,105.30000305175781,18.28580093383789,21.42099952697754,535.5
2025-09-18,535.5,813.0,105.23999786376953,18.30780029296875,21.8700008392334,540.5
2025-09-19,540.5,812.0,105.44000244140625,18.364200592041016,21.920000076293945,536.5
2025-09-22,536.5,811.0,105.48999786376953,18.42020034790039,21.761999130249023,536.0
2025-09-23,536.0,809.0,105.48999786376953,18.357690811157227,21.75,536.5
2025-09-24,536.5,823.0,105.54000091552734,18.346500396728516,22.149999618530273,536.5
2025-09-25,536.5,818.0,105.54000091552734,18.418739318847656,22.1200008392334,536.5
2025-09-26,536.5,805.0,105.44000244140625,18.484119415283203,22.15999984741211,540.5
2025-09-29,540.5,802.0,105.3499984741211,18.358549118041992,22.170000076293945,543.5
2025-09-30,543.5,800.0,105.29000091552734,18.358999252319336,22.309999465942383,540.5
2025-10-01,540.5,806.0,104.0199966430664,18.31382942199707,22.719999313354492,540.5
2025-10-02,540.5,805.0,104.0999984741211,18.382360458374023,22.729999542236328,545.5
2025-10-03,545.5,804.0,104.36000061035156,18.41200065612793,23.25,540.5
2025-10-06,540.5,801.0,104.4800033569336,18.433330535888672,23.260000228881836,540.5
2025-10-07,540.5,805.0,104.22000122070312,18.337589263916016,23.15999984741211,547.5
2025-10-08,547.5,813.0,104.29000091552734,18.388530731201172,23.399999618530273,543.0
2025-10-09,543.0,813.0,104.86000061035156,18.334150314331055,23.799999237060547,545.0
2025-10-10,545.0,814.0,105.73999786376953,18.38343048095703,23.18899917602539,547.5
2025-10-13,547.5,814.0,106.52999877929688,18.522390365600586,24.280000686645508,547.5
2025-10-14,547.5,813.0,105.25,18.45829963684082,24.700000762939453,542.5
2025-10-15,542.5,813.0,105.55000305175781,18.504369735717773,23.989999771118164,544.0
2025-10-16,544.0,815.0,105.55999755859375,18.45509910583496,24.070999145507812,547.5
2025-10-17,547.5,814.0,105.3499984741211,18.430299758911133,23.559999465942383,547.5
2025-10-20,547.5,812.0,105.5,18.364700317382812,24.049999237060547,547.5
2025-10-21,547.5,813.0,105.52999877929688,18.399370193481445,22.959999084472656,543.0
2025-10-22,543.0,813.0,105.55000305175781,18.434099197387695,22.46299934387207,543.0
2025-10-23,543.0,813.0,105.55000305175781,18.43950080871582,22.43199920654297,544.0
2025-10-24,544.0,813.0,105.41000366210938,18.393600463867188,22.479999542236328,545.0
2025-10-27,545.0,814.0,105.56999969482422,18.418739318847656,22.434999465942383,545.0
2025-10-28,545.0,814.0,105.55999755859375,18.38932991027832,22.104000091552734,545.0
